DATE                      TIME                      FRAC_DAYS_SINCE_JAN1      FRAC_HRS_SINCE_JAN1       JULIAN_DAYS               EPOCH_TIME                ALARM_STATUS              INST_STATUS               CavityPressure            CavityTemp                DasTemp                   EtalonTemp                WarmBoxTemp               species                   MPVPosition               OutletValve               solenoid_valves           N2O                       N2O_30s                   N2O_1min                  N2O_5min                  N2O_dry                   N2O_dry30s                N2O_dry1min               N2O_dry5min               CO2                       CO2_dry                   CH4                       CH4_dry                   H2O                       NH3                       ChemDetect                peak_1a                   peak_41                   peak_4                    peak15                    ch4_splinemax             nh3_conc_ave              
2024-12-12                09:08:00.000              346.38055557              8313.133334               347.38055557              1734023280.001            0                         963                       1.4000238495E+02          4.5001914978E+01          1.8500000000E+01          4.5015495300E+01          4.5005546570E+01          4.7000000000E+01          0.0000000000E+00          5.1604504880E+04          0.0000000000E+00          3.4426033572E-01          3.4405555202E-01          3.4215600785E-01          3.3650773944E-01          3.4818400712E-01          3.4783681596E-01          3.4587565507E-01          3.4053076559E-01          4.5939589792E+02          4.6459443235E+02          2.0840396061E+00          2.1013984001E+00          6.4121171877E-01          1.1315646346E-01          0.0000000000E+00          6.9089348883E-01          6.1955503731E+01          7.3930682044E-01          3.9057389851E+01          4.5379652973E+02          6.2592646455E-02          
2024-12-12                09:08:00.571              346.38056216              8313.133492               347.38056216              1734023280.571            0                         963                       1.4000387573E+02          4.5002922058E+01          1.8500000000E+01          4.5015495300E+01          4.5005577087E+01          2.0000000000E+00          0.0000000000E+00          5.1605023438E+04          0.0000000000E+00          3.4411288590E-01          3.4449859257E-01          3.4222720720E-01          3.3653493886E-01          3.4803372665E-01          3.4829485563E-01          3.4594602048E-01          3.4055771989E-01          4.5972588820E+02          4.6492656967E+02          2.0841326142E+00          2.1014870869E+00          6.4102523241E-01          1.1827558241E-01          0.0000000000E+00          6.9089348883E-01          6.1955503731E+01          7.3930682044E-01          3.8968031884E+01          4.5379652973E+02          1.0685261725E-01          
2024-12-12                09:08:01.197              346.38056941              8313.133666               347.38056941              1734023281.197            0                         963                       1.4000331402E+02          4.5002922058E+01          1.8512369792E+01          4.5015495300E+01          4.5005577087E+01          4.6000000000E+01          0.0000000000E+00          5.1604980916E+04          0.0000000000E+00          3.4395031662E-01          3.4481273753E-01          3.4229706347E-01          3.3656023510E-01          3.4786719348E-01          3.4862287846E-01          3.4601547187E-01          3.4058275327E-01          4.6008829585E+02          4.6529020189E+02          2.0842347594E+00          2.1015807296E+00          6.4068270366E-01          1.0558160012E-01          0.0000000000E+00          6.9089348883E-01          6.2337869797E+01          7.3930682044E-01          3.8968031884E+01          4.5379652973E+02          1.0685261725E-01          
2024-12-12                09:08:02.176              346.38058074              8313.133938               347.38058074              1734023282.176            0                         963                       1.4000149562E+02          4.5002922058E+01          1.8538135593E+01          4.5015495300E+01          4.5005577087E+01          4.7000000000E+01          0.0000000000E+00          5.1604974576E+04          0.0000000000E+00          3.4368244428E-01          3.4498422050E-01          3.4232457679E-01          3.3659407570E-01          3.4759359154E-01          3.4880605270E-01          3.4603946061E-01          3.4061633371E-01          4.5719595664E+02          4.6236211010E+02          2.0843973028E+00          2.1017327448E+00          6.4024775904E-01          8.5643656503E-02          0.0000000000E+00          6.9049437618E-01          6.2337869797E+01          7.6456811522E-01          3.8968031884E+01          4.5379652973E+02          1.0685261725E-01          
2024-12-12                09:08:02.914              346.38058928              8313.134143               347.38058928              1734023282.914            0                         963                       1.4000149562E+02          4.5002922058E+01          1.8538135593E+01          4.5015495300E+01          4.5005577087E+01          4.7000000000E+01          0.0000000000E+00          5.1604974576E+04          0.0000000000E+00          3.4367099664E-01          3.4493659173E-01          3.4234023283E-01          3.3661068819E-01          3.4757999399E-01          3.4876672246E-01          3.4605737378E-01          3.4063268033E-01          4.5501561744E+02          4.6015484877E+02          2.0845198336E+00          2.1018473382E+00          6.3991989232E-01          7.0615173498E-02          0.0000000000E+00          6.9049437618E-01          6.2337869797E+01          7.6456811522E-01          3.8968031884E+01          4.5379652973E+02          1.0685261725E-01          
2024-12-12                09:08:03.223              346.38059287              8313.134229               347.38059287              1734023283.224            0                         963                       1.4000221252E+02          4.5002922058E+01          1.8500000000E+01          4.5015495300E+01          4.5005577087E+01          2.5000000000E+01          0.0000000000E+00          5.1605234375E+04          0.0000000000E+00          3.4213193636E-01          3.4487284956E-01          3.4227694678E-01          3.3663645471E-01          3.4602258502E-01          3.4870435570E-01          3.4599249581E-01          3.4065819978E-01          4.5409980408E+02          4.5922773470E+02          2.0845712982E+00          2.1018954684E+00          6.3978217127E-01          6.4291556387E-02          0.0000000000E+00          6.9049437618E-01          6.2337869797E+01          7.6456811522E-01          3.8968031884E+01          4.5397014518E+02          1.0685261725E-01          
2024-12-12                09:08:04.227              346.38060449              8313.134508               347.38060449              1734023284.228            0                         963                       1.4000269408E+02          4.5002922058E+01          1.8500000000E+01          4.5015495300E+01          4.5005577087E+01          4.7000000000E+01          0.0000000000E+00          5.1605610217E+04          0.0000000000E+00          3.3714737876E-01          3.4467664791E-01          3.4207129733E-01          3.3665053378E-01          3.4097865378E-01          3.4851936977E-01          3.4578068860E-01          3.4067189994E-01          4.5113375305E+02          4.5622511457E+02          2.0849276509E+00          2.1022425757E+00          6.3933615089E-01          4.3810964670E-02          0.0000000000E+00          6.7616561737E-01          6.2337869797E+01          7.1564218424E-01          3.8968031884E+01          4.5397014518E+02          1.0685261725E-01          
2024-12-12                09:08:04.967              346.38061306              8313.134713               347.38061306              1734023284.968            0                         963                       1.4000269408E+02          4.5002922058E+01          1.8500000000E+01          4.5015495300E+01          4.5005577087E+01          4.7000000000E+01          0.0000000000E+00          5.1605610217E+04          0.0000000000E+00          3.3713590858E-01          3.4458523145E-01          3.4201390909E-01          3.3666741956E-01          3.4096506685E-01          3.4843322331E-01          3.4572469300E-01          3.4068844163E-01          4.4894750695E+02          4.5401194380E+02          2.0851903131E+00          2.1024984215E+00          6.3900742140E-01          2.8741583229E-02          0.0000000000E+00          6.7616561737E-01          6.2337869797E+01          7.1564218424E-01          3.8968031884E+01          4.5397014518E+02          1.0685261725E-01          
2024-12-12                09:08:05.535              346.38061962              8313.134871               347.38061962              1734023285.535            0                         963                       1.4000158691E+02          4.5002281189E+01          1.8500000000E+01          4.5015525818E+01          4.5005577087E+01          2.0000000000E+00          0.0000000000E+00          5.1605906250E+04          0.0000000000E+00          3.3448397143E-01          3.4443084498E-01          3.4177584853E-01          3.3668125882E-01          3.3828150187E-01          3.4828253347E-01          3.4548303315E-01          3.4070189562E-01          4.4727245120E+02          4.5231627595E+02          2.0853915606E+00          2.1026944447E+00          6.3875554592E-01          1.7176504597E-02          0.0000000000E+00          6.7616561737E-01          6.2337869797E+01          7.1564218424E-01          3.8814258971E+01          4.5397014518E+02          6.1318440100E-03          
2024-12-12                09:08:06.151              346.38062676              8313.135042               347.38062676              1734023286.152            0                         963                       1.3999964142E+02          4.5002281189E+01          1.8500000000E+01          4.5015525818E+01          4.5005577087E+01          4.6000000000E+01          0.0000000000E+00          5.1605648438E+04          0.0000000000E+00          3.3160232498E-01          3.4412709090E-01          3.4150420052E-01          3.3669318856E-01          3.3536860515E-01          3.4798023201E-01          3.4520744733E-01          3.4071341795E-01          4.4544968438E+02          4.5047523442E+02          2.0856105550E+00          2.1029219514E+00          6.3900174943E-01          1.2666621368E-02          0.0000000000E+00          6.7616561737E-01          6.0384574937E+01          7.1564218424E-01          3.8814258971E+01          4.5397014518E+02          6.1318440100E-03          
2024-12-12                09:08:07.125              346.38063803              8313.135313               347.38063803              1734023287.126            0                         963                       1.3999750532E+02          4.5002281189E+01          1.8500000000E+01          4.5015525818E+01          4.5005577087E+01          4.7000000000E+01          0.0000000000E+00          5.1605326867E+04          0.0000000000E+00          3.2706585187E-01          3.4362772721E-01          3.4107673983E-01          3.3671255608E-01          3.3078234867E-01          3.4748021796E-01          3.4477252430E-01          3.4073236509E-01          4.4574747540E+02          4.5077868979E+02          2.0859536919E+00          2.1032759845E+00          6.3929796518E-01          5.6260991286E-03          0.0000000000E+00          6.5674902844E-01          6.0384574937E+01          7.3668568060E-01          3.8814258971E+01          4.5397014518E+02          6.1318440100E-03          
2024-12-12                09:08:07.858              346.38064652              8313.135516               347.38064652              1734023287.859            0                         963                       1.3999750532E+02          4.5002281189E+01          1.8500000000E+01          4.5015525818E+01          4.5005577087E+01          4.7000000000E+01          0.0000000000E+00          5.1605326867E+04          0.0000000000E+00          3.2706883338E-01          3.4298857512E-01          3.4091385720E-01          3.3668991823E-01          3.3078667094E-01          3.4683895785E-01          3.4460989809E-01          3.4070901839E-01          4.4597147772E+02          4.5100695584E+02          2.0862119364E+00          2.1035424311E+00          6.3952089351E-01          3.5177772352E-04          0.0000000000E+00          6.5674902844E-01          6.0384574937E+01          7.3668568060E-01          3.8814258971E+01          4.5397014518E+02          6.1318440100E-03          
2024-12-12                09:08:08.167              346.38065008              8313.135602               347.38065008              1734023288.167            0                         963                       1.3999972534E+02          4.5002281189E+01          1.8500000000E+01          4.5015525818E+01          4.5005577087E+01          2.5000000000E+01          0.0000000000E+00          5.1605484375E+04          0.0000000000E+00          3.2935968005E-01          3.4267882751E-01          3.4069180002E-01          3.3667205254E-01          3.3310410862E-01          3.4652680219E-01          3.4438738727E-01          3.4069038245E-01          4.4606553092E+02          4.5110280039E+02          2.0863204558E+00          2.1036543976E+00          6.3961456869E-01          -1.8482683486E-03         0.0000000000E+00          6.5674902844E-01          6.0384574937E+01          7.3668568060E-01          3.8814258971E+01          4.5434464832E+02          6.1318440100E-03          
2024-12-12                09:08:09.165              346.38066164              8313.135879               347.38066164              1734023289.166            0                         963                       1.3999844682E+02          4.5002299662E+01          1.8505599274E+01          4.5015531803E+01          4.5005581078E+01          4.7000000000E+01          0.0000000000E+00          5.1605270770E+04          0.0000000000E+00          3.3678994427E-01          3.4206653640E-01          3.4054329644E-01          3.3667161852E-01          3.4062067209E-01          3.4591679754E-01          3.4424239324E-01          3.4068937496E-01          4.4637056911E+02          4.5141365000E+02          2.0849012117E+00          2.1022318020E+00          6.3991831328E-01          -8.9819676085E-03         0.0000000000E+00          6.7555511733E-01          6.0384574937E+01          7.1823668534E-01          3.8814258971E+01          4.5434464832E+02          6.1318440100E-03          
2024-12-12                09:08:09.905              346.38067021              8313.136085               347.38067021              1734023289.906            0                         963                       1.3999844682E+02          4.5002299662E+01          1.8505599274E+01          4.5015531803E+01          4.5005581078E+01          4.7000000000E+01          0.0000000000E+00          5.1605270770E+04          0.0000000000E+00          3.3679287148E-01          3.4197769800E-01          3.4049968685E-01          3.3667323814E-01          3.4062499082E-01          3.4583201758E-01          3.4420033043E-01          3.4069044478E-01          4.4659669286E+02          4.5164408248E+02          2.0838499019E+00          2.1011780025E+00          6.4014330858E-01          -1.4305054399E-02         0.0000000000E+00          6.7555511733E-01          6.0384574937E+01          7.1823668534E-01          3.8814258971E+01          4.5434464832E+02          6.1318440100E-03          
2024-12-12                09:08:10.470              346.38067674              8313.136242               347.38067674              1734023290.470            0                         963                       1.4000126428E+02          4.5002586365E+01          1.8562500000E+01          4.5015617371E+01          4.5005638123E+01          2.0000000000E+00          0.0000000000E+00          5.1605493137E+04          0.0000000000E+00          3.3596048706E-01          3.4186972387E-01          3.4067994960E-01          3.3667514933E-01          3.3978416878E-01          3.4572791800E-01          3.4438786023E-01          3.4069181668E-01          4.4676906154E+02          4.5181973663E+02          2.0830486306E+00          2.1003748295E+00          6.4031479290E-01          -1.8368006408E-02         0.0000000000E+00          6.7555511733E-01          6.0384574937E+01          7.1823668534E-01          3.8904409464E+01          4.5434464832E+02          -2.9413485500E-02         
2024-12-12                09:08:11.086              346.38068388              8313.136413               347.38068388              1734023291.087            0                         963                       1.3999861145E+02          4.5002586365E+01          1.8562500000E+01          4.5015617371E+01          4.5005638123E+01          4.6000000000E+01          0.0000000000E+00          5.1605136719E+04          0.0000000000E+00          3.3504407205E-01          3.4173911246E-01          3.4085150182E-01          3.3667847346E-01          3.3885500162E-01          3.4560087772E-01          3.4456773015E-01          3.4069461955E-01          4.4695763328E+02          4.5200731965E+02          2.0821720637E+00          2.0994805269E+00          6.3992796381E-01          1.1181189783E-02          0.0000000000E+00          6.7555511733E-01          6.0585802342E+01          7.1823668534E-01          3.8904409464E+01          4.5434464832E+02          -2.9413485500E-02         
2024-12-12                09:08:12.085              346.38069543              8313.136690               347.38069543              1734023292.085            0                         963                       1.3999676259E+02          4.5002586365E+01          1.8562500000E+01          4.5015617371E+01          4.5005638123E+01          4.7000000000E+01          0.0000000000E+00          5.1604422736E+04          0.0000000000E+00          3.3355710554E-01          3.4157163462E-01          3.4110594430E-01          3.3668704440E-01          3.3734758850E-01          3.4543590037E-01          3.4483738107E-01          3.4070260807E-01          4.4607949390E+02          4.5111470568E+02          2.0807551703E+00          2.0980359112E+00          6.3933673430E-01          5.8947769121E-02          0.0000000000E+00          6.6900758273E-01          6.0585802342E+01          7.1358448716E-01          3.8904409464E+01          4.5434464832E+02          -2.9413485500E-02         
2024-12-12                09:08:12.819              346.38070394              8313.136894               347.38070394              1734023292.820            0                         963                       1.3999676259E+02          4.5002586365E+01          1.8562500000E+01          4.5015617371E+01          4.5005638123E+01          4.7000000000E+01          0.0000000000E+00          5.1604422736E+04          0.0000000000E+00          3.3354965915E-01          3.4139991638E-01          3.4101808052E-01          3.3667967965E-01          3.3733745444E-01          3.4526569941E-01          3.4475017262E-01          3.4069470864E-01          4.4543273448E+02          4.5045729760E+02          2.0797116702E+00          2.0969720088E+00          6.3890132422E-01          9.4134247018E-02          0.0000000000E+00          6.6900758273E-01          6.0585802342E+01          7.1358448716E-01          3.8904409464E+01          4.5434464832E+02          -2.9413485500E-02         
2024-12-12                09:08:13.121              346.38070743              8313.136978               347.38070743              1734023293.122            0                         963                       1.3999653625E+02          4.5002586365E+01          1.8500000000E+01          4.5015617371E+01          4.5005638123E+01          2.5000000000E+01          0.0000000000E+00          5.1603687500E+04          0.0000000000E+00          3.3388224456E-01          3.4122906020E-01          3.4099470078E-01          3.3668684428E-01          3.3767274576E-01          3.4509313228E-01          3.4473213535E-01          3.4070139354E-01          4.4516698082E+02          4.5018717136E+02          2.0792829134E+00          2.0965348725E+00          6.3872242464E-01          1.0859419163E-01          0.0000000000E+00          6.6900758273E-01          6.0585802342E+01          7.1358448716E-01          3.8904409464E+01          4.5283213293E+02          -2.9413485500E-02         
2024-12-12                09:08:14.098              346.38071874              8313.137250               347.38071874              1734023294.099            0                         963                       1.3999608935E+02          4.5002586365E+01          1.8500000000E+01          4.5015617371E+01          4.5005638123E+01          4.7000000000E+01          0.0000000000E+00          5.1603445975E+04          0.0000000000E+00          3.3495809828E-01          3.4111016237E-01          3.4099689214E-01          3.3669653812E-01          3.3875733736E-01          3.4497789148E-01          3.4474199710E-01          3.4071063182E-01          4.4430722126E+02          4.4931327686E+02          2.0764142217E+00          2.0936269630E+00          6.3814360052E-01          1.5537535941E-01          0.0000000000E+00          6.7285207959E-01          6.0585802342E+01          7.4935385173E-01          3.8904409464E+01          4.5283213293E+02          -2.9413485500E-02         
2024-12-12                09:08:14.835              346.38072726              8313.137454               347.38072726              1734023294.835            0                         963                       1.3999608935E+02          4.5002586365E+01          1.8500000000E+01          4.5015617371E+01          4.5005638123E+01          4.7000000000E+01          0.0000000000E+00          5.1603445975E+04          0.0000000000E+00          3.3495057234E-01          3.4103489006E-01          3.4092658610E-01          3.3670378200E-01          3.3874710844E-01          3.4490325880E-01          3.4467228909E-01          3.4071738725E-01          4.4365956681E+02          4.4865498617E+02          2.0742531575E+00          2.0914363837E+00          6.3770756980E-01          1.9061107402E-01          0.0000000000E+00          6.7285207959E-01          6.0585802342E+01          7.4935385173E-01          3.8904409464E+01          4.5283213293E+02          -2.9413485500E-02         
2024-12-12                09:08:15.397              346.38073376              8313.137610               347.38073376              1734023295.397            0                         963                       1.3999709315E+02          4.5002489795E+01          1.8549443493E+01          4.5015520801E+01          4.5005662265E+01          2.0000000000E+00          0.0000000000E+00          5.1602989030E+04          0.0000000000E+00          3.3323356857E-01          3.4091868527E-01          3.4070981179E-01          3.3670436554E-01          3.3700865632E-01          3.4478654511E-01          3.4445630829E-01          3.4071740276E-01          4.4316507905E+02          4.4815238407E+02          2.0726029915E+00          2.0897636971E+00          6.3737462888E-01          2.1750451583E-01          0.0000000000E+00          6.7285207959E-01          6.0585802342E+01          7.4935385173E-01          3.8726876086E+01          4.5283213293E+02          2.0655487691E-01          
2024-12-12                09:08:16.030              346.38074110              8313.137786               347.38074110              1734023296.031            0                         963                       1.3999447632E+02          4.5002464294E+01          1.8562500000E+01          4.5015495300E+01          4.5005668640E+01          4.6000000000E+01          0.0000000000E+00          5.1602289062E+04          0.0000000000E+00          3.3130410759E-01          3.4075287264E-01          3.4046921523E-01          3.3669623599E-01          3.3505946375E-01          3.4461922237E-01          3.4421532389E-01          3.4070861199E-01          4.4260723327E+02          4.4759118754E+02          2.0707414149E+00          2.0878966049E+00          6.3773243894E-01          2.0097976703E-01          0.0000000000E+00          6.7285207959E-01          6.0005325894E+01          7.4935385173E-01          3.8726876086E+01          4.5283213293E+02          2.0655487691E-01          
2024-12-12                09:08:17.029              346.38075265              8313.138064               347.38075265              1734023297.029            0                         963                       1.3999553239E+02          4.5002464294E+01          1.8500000000E+01          4.5015495300E+01          4.5005668640E+01          4.7000000000E+01          0.0000000000E+00          5.1601978785E+04          0.0000000000E+00          3.2826831440E-01          3.4051206376E-01          3.4011827849E-01          3.3668779902E-01          3.3199251433E-01          3.4437619879E-01          3.4386241934E-01          3.4069941537E-01          4.4209295101E+02          4.4707556885E+02          2.0678107524E+00          2.0849569367E+00          6.3828510223E-01          1.7497665334E-01          0.0000000000E+00          6.5868001498E-01          6.0005325894E+01          7.1836073480E-01          3.8726876086E+01          4.5283213293E+02          2.0655487691E-01          
2024-12-12                09:08:17.766              346.38076119              8313.138269               347.38076119              1734023297.767            0                         963                       1.3999553239E+02          4.5002464294E+01          1.8500000000E+01          4.5015495300E+01          4.5005668640E+01          4.7000000000E+01          0.0000000000E+00          5.1601978785E+04          0.0000000000E+00          3.2827057654E-01          3.4026440456E-01          3.3998051451E-01          3.3666804029E-01          3.3199720678E-01          3.4412641009E-01          3.4372445176E-01          3.4067898765E-01          4.4171258085E+02          4.4669420340E+02          2.0656435964E+00          2.0827830949E+00          6.3869379882E-01          1.5576377447E-01          0.0000000000E+00          6.5868001498E-01          6.0005325894E+01          7.1836073480E-01          3.8726876086E+01          4.5283213293E+02          2.0655487691E-01          
2024-12-12                09:08:18.072              346.38076472              8313.138353               347.38076472              1734023298.072            0                         963                       1.3999437673E+02          4.5002464294E+01          1.8546052632E+01          4.5015495300E+01          4.5005668640E+01          2.5000000000E+01          0.0000000000E+00          5.1601055304E+04          0.0000000000E+00          3.2895339808E-01          3.4000733623E-01          3.3979323585E-01          3.3666421032E-01          3.3268877511E-01          3.4386646384E-01          3.4353676988E-01          3.4067457534E-01          4.4155536079E+02          4.4653657021E+02          2.0647479583E+00          2.0818846871E+00          6.3886270810E-01          1.4782831017E-01          0.0000000000E+00          6.5868001498E-01          6.0005325894E+01          7.1836073480E-01          3.8726876086E+01          4.4970797221E+02          2.0655487691E-01          
2024-12-12                09:08:19.053              346.38077609              8313.138626               347.38077609              1734023299.054            0                         963                       1.3999388156E+02          4.5002464294E+01          1.8562500000E+01          4.5015495300E+01          4.5005668640E+01          4.7000000000E+01          0.0000000000E+00          5.1600208592E+04          0.0000000000E+00          3.3115202242E-01          3.3980708734E-01          3.3956244591E-01          3.3666555150E-01          3.3491559210E-01          3.4366558514E-01          3.4330557028E-01          3.4067540316E-01          4.4104919858E+02          4.4602907316E+02          2.0644395932E+00          2.0815884931E+00          6.3940669071E-01          1.2227556989E-01          0.0000000000E+00          6.6540028940E-01          6.0005325894E+01          7.5340126713E-01          3.8726876086E+01          4.4970797221E+02          2.0655487691E-01          
2024-12-12                09:08:19.792              346.38078463              8313.138831               347.38078463              1734023299.792            0                         963                       1.3999388156E+02          4.5002464294E+01          1.8562500000E+01          4.5015495300E+01          4.5005668640E+01          4.7000000000E+01          0.0000000000E+00          5.1600208592E+04          0.0000000000E+00          3.3115440732E-01          3.3943643440E-01          3.3937562070E-01          3.3666831475E-01          3.3492043073E-01          3.4329180276E-01          3.4311848454E-01          3.4067767790E-01          4.4066885460E+02          4.4564772035E+02          2.0642078430E+00          2.0813658873E+00          6.3981551916E-01          1.0306032594E-01          0.0000000000E+00          6.6540028940E-01          6.0005325894E+01          7.5340126713E-01          3.8726876086E+01          4.4970797221E+02          2.0655487691E-01          
2024-12-12                09:08:20.355              346.38079116              8313.138988               347.38079116              1734023300.356            0                         963                       1.3999819946E+02          4.5002525330E+01          1.8562500000E+01          4.5015556335E+01          4.5005790710E+01          2.0000000000E+00          0.0000000000E+00          5.1599960938E+04          0.0000000000E+00          3.3180169271E-01          3.3908084747E-01          3.3928755177E-01          3.3667415866E-01          3.3557693483E-01          3.4293338298E-01          3.4303079210E-01          3.4068307021E-01          4.4037816533E+02          4.4535625628E+02          2.0640307352E+00          2.0811957666E+00          6.4012796453E-01          8.8380065637E-02          0.0000000000E+00          6.6540028940E-01          6.0005325894E+01          7.5340126713E-01          3.8882798374E+01          4.4970797221E+02          7.7499151378E-02          
2024-12-12                09:08:20.966              346.38079822              8313.139157               347.38079822              1734023300.966            0                         963                       1.3999709797E+02          4.5002525330E+01          1.8562500000E+01          4.5015556335E+01          4.5005790710E+01          4.6000000000E+01          0.0000000000E+00          5.1599572754E+04          0.0000000000E+00          3.3249907696E-01          3.3868351257E-01          3.3911860224E-01          3.3668409117E-01          3.3628312882E-01          3.4253283246E-01          3.4286181022E-01          3.4069259587E-01          4.4006377313E+02          4.4503952140E+02          2.0638391836E+00          2.0810066112E+00          6.4027488441E-01          1.1036913589E-01          0.0000000000E+00          6.6540028940E-01          5.9665968847E+01          7.5340126713E-01          3.8882798374E+01          4.4970797221E+02          7.7499151378E-02          
2024-12-12                09:08:21.964              346.38080978              8313.139435               347.38080978              1734023301.965            0                         963                       1.3999640506E+02          4.5002525330E+01          1.8562500000E+01          4.5015556335E+01          4.5005790710E+01          4.7000000000E+01          0.0000000000E+00          5.1599378500E+04          0.0000000000E+00          3.3364420567E-01          3.3824967259E-01          3.3900135111E-01          3.3671515740E-01          3.3744259418E-01          3.4209520408E-01          3.4274596121E-01          3.4072338171E-01          4.4031511829E+02          4.4529537991E+02          2.0635248586E+00          2.0806956015E+00          6.4049318752E-01          1.4639976171E-01          0.0000000000E+00          6.6949414212E-01          5.9665968847E+01          7.2335002937E-01          3.8882798374E+01          4.4970797221E+02          7.7499151378E-02          
2024-12-12                09:08:22.703              346.38081832              8313.139640               347.38081832              1734023302.703            0                         963                       1.3999640506E+02          4.5002525330E+01          1.8562500000E+01          4.5015556335E+01          4.5005790710E+01          4.7000000000E+01          0.0000000000E+00          5.1599378500E+04          0.0000000000E+00          3.3364556174E-01          3.3771432970E-01          3.3900878653E-01          3.3670795178E-01          3.3744493014E-01          3.4155461816E-01          3.4275611870E-01          3.4071568582E-01          4.4050082272E+02          4.4548442008E+02          2.0632926519E+00          2.0804658428E+00          6.4065445769E-01          1.7301101360E-01          0.0000000000E+00          6.6949414212E-01          5.9665968847E+01          7.2335002937E-01          3.8882798374E+01          4.4970797221E+02          7.7499151378E-02          
2024-12-12                09:08:23.006              346.38082183              8313.139724               347.38082183              1734023303.006            0                         963                       1.3999617020E+02          4.5002525330E+01          1.8562500000E+01          4.5015556335E+01          4.5005790710E+01          2.5000000000E+01          0.0000000000E+00          5.1599198273E+04          0.0000000000E+00          3.3334865344E-01          3.3761510979E-01          3.3894297103E-01          3.3671403445E-01          3.3714503674E-01          3.4145440040E-01          3.4269087357E-01          3.4072130885E-01          4.4057707639E+02          4.4556204371E+02          2.0631973140E+00          2.0803715097E+00          6.4072067046E-01          1.8393466986E-01          0.0000000000E+00          6.6949414212E-01          5.9665968847E+01          7.2335002937E-01          3.8882798374E+01          4.4937456814E+02          7.7499151378E-02          
2024-12-12                09:08:23.980              346.38083310              8313.139994               347.38083310              1734023303.980            0                         963                       1.3999700082E+02          4.5002525330E+01          1.8562500000E+01          4.5015556335E+01          4.5005790710E+01          4.7000000000E+01          0.0000000000E+00          5.1599001211E+04          0.0000000000E+00          3.3239423732E-01          3.3663601981E-01          3.3899178424E-01          3.3671787570E-01          3.3618102023E-01          3.4046516105E-01          3.4274508284E-01          3.4072466377E-01          4.4082219590E+02          4.4581156823E+02          2.0629242848E+00          2.0801019842E+00          6.4093351644E-01          2.1904895639E-01          0.0000000000E+00          6.6731991369E-01          5.9665968847E+01          7.3461257583E-01          3.8882798374E+01          4.4937456814E+02          7.7499151378E-02          
2024-12-12                09:08:24.716              346.38084162              8313.140199               347.38084162              1734023304.716            0                         963                       1.3999700082E+02          4.5002525330E+01          1.8562500000E+01          4.5015556335E+01          4.5005790710E+01          4.7000000000E+01          0.0000000000E+00          5.1599001211E+04          0.0000000000E+00          3.3239559102E-01          3.3619223790E-01          3.3892113079E-01          3.3672226104E-01          3.3618334763E-01          3.4001654181E-01          3.4267733005E-01          3.4072856842E-01          4.4100739742E+02          4.4600009936E+02          2.0627179734E+00          2.0798983195E+00          6.4109435523E-01          2.4558806019E-01          0.0000000000E+00          6.6731991369E-01          5.9665968847E+01          7.3461257583E-01          3.8882798374E+01          4.4937456814E+02          7.7499151378E-02          
2024-12-12                09:08:25.282              346.38084818              8313.140356               347.38084818              1734023305.283            0                         963                       1.3999516296E+02          4.5002525330E+01          1.8562500000E+01          4.5015556335E+01          4.5005790710E+01          2.0000000000E+00          0.0000000000E+00          5.1598546875E+04          0.0000000000E+00          3.3494797955E-01          3.3580764083E-01          3.3887493136E-01          3.3673321117E-01          3.3876556280E-01          3.3962755055E-01          3.4263184438E-01          3.4073910169E-01          4.4114999441E+02          4.4614526131E+02          2.0625590435E+00          2.0797414281E+00          6.4121826536E-01          2.6605129212E-01          0.0000000000E+00          6.6731991369E-01          5.9665968847E+01          7.3461257583E-01          3.8947929890E+01          4.4937456814E+02          2.5512721282E-01          
2024-12-12                09:08:25.897              346.38085529              8313.140527               347.38085529              1734023305.897            0                         963                       1.3999861145E+02          4.5001731873E+01          1.8562500000E+01          4.5015556335E+01          4.5005790710E+01          4.6000000000E+01          0.0000000000E+00          5.1598832031E+04          0.0000000000E+00          3.3771560402E-01          3.3555262704E-01          3.3886753250E-01          3.3675155936E-01          3.4156767955E-01          3.3936949936E-01          3.4262842137E-01          3.4075710446E-01          4.4130440789E+02          4.4630523756E+02          2.0623869387E+00          2.0795810666E+00          6.4170575039E-01          2.6416746841E-01          0.0000000000E+00          6.6731991369E-01          5.9831528878E+01          7.3461257583E-01          3.8947929890E+01          4.4937456814E+02          2.5512721282E-01          
2024-12-12                09:08:26.898              346.38086688              8313.140805               347.38086688              1734023306.898            0                         963                       1.3999794701E+02          4.5001731873E+01          1.8562500000E+01          4.5015556335E+01          4.5005790710E+01          4.7000000000E+01          0.0000000000E+00          5.1598580234E+04          0.0000000000E+00          3.4222589598E-01          3.3547345982E-01          3.3901849569E-01          3.3679402359E-01          3.4613436728E-01          3.3928943866E-01          3.4278871965E-01          3.4079930037E-01          4.4111272035E+02          4.4611777549E+02          2.0621067163E+00          2.0793203371E+00          6.4251343826E-01          2.6108527790E-01          0.0000000000E+00          6.8840782479E-01          5.9831528878E+01          7.8929149539E-01          3.8947929890E+01          4.4937456814E+02          2.5512721282E-01          
2024-12-12                09:08:27.641              346.38087547              8313.141011               347.38087547              1734023307.641            0                         963                       1.3999794701E+02          4.5001731873E+01          1.8562500000E+01          4.5015556335E+01          4.5005790710E+01          4.7000000000E+01          0.0000000000E+00          5.1598580234E+04          0.0000000000E+00          3.4223039730E-01          3.3550877751E-01          3.3918605545E-01          3.3680678503E-01          3.4614259789E-01          3.3932530150E-01          3.4296286266E-01          3.4081184332E-01          4.4097054183E+02          4.4597873129E+02          2.0618987082E+00          2.0791267948E+00          6.4311297389E-01          2.5877387728E-01          0.0000000000E+00          6.8840782479E-01          5.9831528878E+01          7.8929149539E-01          3.8947929890E+01          4.4937456814E+02          2.5512721282E-01          
2024-12-12                09:08:27.967              346.38087926              8313.141102               347.38087926              1734023307.968            0                         963                       1.3999635588E+02          4.5001731873E+01          1.8562500000E+01          4.5015556335E+01          4.5005790710E+01          2.5000000000E+01          0.0000000000E+00          5.1597931003E+04          0.0000000000E+00          3.4224593751E-01          3.3566189478E-01          3.3922163547E-01          3.3682473767E-01          3.4615993455E-01          3.3948063407E-01          3.4300003792E-01          3.4082941932E-01          4.4090796755E+02          4.4591753558E+02          2.0618071623E+00          2.0790416146E+00          6.4337684107E-01          2.5775670793E-01          0.0000000000E+00          6.8840782479E-01          5.9831528878E+01          7.8929149539E-01          3.8947929890E+01          4.4907587792E+02          2.5512721282E-01          
2024-12-12                09:08:28.940              346.38089051              8313.141372               347.38089051              1734023308.940            0                         963                       1.3999862885E+02          4.5001731873E+01          1.8562500000E+01          4.5015556335E+01          4.5005790710E+01          4.7000000000E+01          0.0000000000E+00          5.1598050658E+04          0.0000000000E+00          3.4229213445E-01          3.3556144282E-01          3.3953039666E-01          3.3684277403E-01          3.4621147252E-01          3.3937912291E-01          3.4332091776E-01          3.4084707548E-01          4.4072196779E+02          4.4573563051E+02          2.0615978301E+00          2.0788517204E+00          6.4416120858E-01          2.5473311865E-01          0.0000000000E+00          6.8704372035E-01          5.9831528878E+01          7.3751270202E-01          3.8947929890E+01          4.4907587792E+02          2.5512721282E-01          
2024-12-12                09:08:29.674              346.38089900              8313.141576               347.38089900              1734023309.674            0                         963                       1.3999862885E+02          4.5001731873E+01          1.8562500000E+01          4.5015556335E+01          4.5005790710E+01          4.7000000000E+01          0.0000000000E+00          5.1598050658E+04          0.0000000000E+00          3.4229658433E-01          3.3551576433E-01          3.3973301491E-01          3.3686088815E-01          3.4621960794E-01          3.3933339478E-01          3.4353100064E-01          3.4086455672E-01          4.4058151212E+02          4.4559826384E+02          2.0614397540E+00          2.0787083208E+00          6.4475354382E-01          2.5244965822E-01          0.0000000000E+00          6.8704372035E-01          5.9831528878E+01          7.3751270202E-01          3.8947929890E+01          4.4907587792E+02          2.5512721282E-01          
2024-12-12                09:08:30.233              346.38090547              8313.141731               347.38090547              1734023310.233            0                         963                       1.4000054932E+02          4.5000663757E+01          1.8562500000E+01          4.5015342712E+01          4.5005638123E+01          2.0000000000E+00          0.0000000000E+00          5.1598113281E+04          0.0000000000E+00          3.4046164935E-01          3.3542742279E-01          3.3974148740E-01          3.3686934064E-01          3.4436639811E-01          3.3924461318E-01          3.4354071457E-01          3.4087277700E-01          4.4047460048E+02          4.4549370358E+02          2.0613193605E+00          2.0785991035E+00          6.4520466759E-01          2.5069763154E-01          0.0000000000E+00          6.8704372035E-01          5.9831528878E+01          7.3751270202E-01          3.9179453284E+01          4.4907587792E+02          2.3974982073E-01          
2024-12-12                09:08:30.838              346.38091248              8313.141899               347.38091248              1734023310.838            0                         963                       1.4000016149E+02          4.5000663757E+01          1.8562500000E+01          4.5015342712E+01          4.5005638123E+01          4.6000000000E+01          0.0000000000E+00          5.1598064046E+04          0.0000000000E+00          3.3847313721E-01          3.3529626584E-01          3.3989742921E-01          3.3687193384E-01          3.4235565475E-01          3.3911256499E-01          3.4370371031E-01          3.4087483453E-01          4.4035888737E+02          4.4537743572E+02          2.0611890589E+00          2.0784702717E+00          6.4529910163E-01          2.2336479617E-01          0.0000000000E+00          6.8704372035E-01          5.9705373297E+01          7.3751270202E-01          3.9179453284E+01          4.4907587792E+02          2.3974982073E-01          
2024-12-12                09:08:31.809              346.38092373              8313.142169               347.38092373              1734023311.810            0                         963                       1.4000152691E+02          4.5000663757E+01          1.8562500000E+01          4.5015342712E+01          4.5005638123E+01          4.7000000000E+01          0.0000000000E+00          5.1598306078E+04          0.0000000000E+00          3.3527773600E-01          3.3509457792E-01          3.3999653986E-01          3.3686844200E-01          3.3912454341E-01          3.3890924755E-01          3.4381369787E-01          3.4087052373E-01          4.4001189706E+02          4.4502778324E+02          2.0609798453E+00          2.0782635466E+00          6.4545551349E-01          1.7944754860E-01          0.0000000000E+00          6.7251272891E-01          5.9705373297E+01          7.1796264844E-01          3.9179453284E+01          4.4907587792E+02          2.3974982073E-01          
2024-12-12                09:08:32.546              346.38093225              8313.142374               347.38093225              1734023312.546            0                         963                       1.4000152691E+02          4.5000663757E+01          1.8562500000E+01          4.5015342712E+01          4.5005638123E+01          4.7000000000E+01          0.0000000000E+00          5.1598306078E+04          0.0000000000E+00          3.3527857811E-01          3.3489913917E-01          3.3994167984E-01          3.3686470992E-01          3.3912610704E-01          3.3871232931E-01          3.4375919100E-01          3.4086642885E-01          4.3974908084E+02          4.4476294914E+02          2.0608214363E+00          2.0781070214E+00          6.4557395170E-01          1.4621043694E-01          0.0000000000E+00          6.7251272891E-01          5.9705373297E+01          7.1796264844E-01          3.9179453284E+01          4.4907587792E+02          2.3974982073E-01          
2024-12-12                09:08:32.874              346.38093604              8313.142465               347.38093604              1734023312.874            0                         963                       1.4000109863E+02          4.5000663757E+01          1.8562500000E+01          4.5015342712E+01          4.5005638123E+01          2.5000000000E+01          0.0000000000E+00          5.1598363281E+04          0.0000000000E+00          3.3604846249E-01          3.3492526016E-01          3.3982923133E-01          3.3687251140E-01          3.3990514352E-01          3.3873943872E-01          3.4365028344E-01          3.4087379378E-01          4.3963193250E+02          4.4464490092E+02          2.0607508434E+00          2.0780372680E+00          6.4562673482E-01          1.3140368256E-01          0.0000000000E+00          6.7251272891E-01          5.9705373297E+01          7.1796264844E-01          3.9179453284E+01          4.4884866014E+02          2.3974982073E-01          
2024-12-12                09:08:33.849              346.38094734              8313.142736               347.38094734              1734023313.850            0                         963                       1.4000110229E+02          4.5000663757E+01          1.8562500000E+01          4.5015342712E+01          4.5005638123E+01          4.7000000000E+01          0.0000000000E+00          5.1598645591E+04          0.0000000000E+00          3.3833934983E-01          3.3463367125E-01          3.3968466288E-01          3.3688569914E-01          3.4222327274E-01          3.3844548831E-01          3.4351188522E-01          3.4088661906E-01          4.3928334729E+02          4.4429363684E+02          2.0607269059E+00          2.0780173690E+00          6.4578380780E-01          8.7344332327E-02          0.0000000000E+00          6.7949799896E-01          5.9705373297E+01          7.4959071405E-01          3.9179453284E+01          4.4884866014E+02          2.3974982073E-01          
2024-12-12                09:08:34.586              346.38095587              8313.142941               347.38095587              1734023314.587            0                         963                       1.4000110229E+02          4.5000663757E+01          1.8562500000E+01          4.5015342712E+01          4.5005638123E+01          4.7000000000E+01          0.0000000000E+00          5.1598645591E+04          0.0000000000E+00          3.3834020223E-01          3.3466141133E-01          3.3966902962E-01          3.3689435011E-01          3.4222485433E-01          3.3847446972E-01          3.4349691975E-01          3.4089486174E-01          4.3902017588E+02          4.4402844188E+02          2.0607088246E+00          2.0780023372E+00          6.4590241684E-01          5.4061889802E-02          0.0000000000E+00          6.7949799896E-01          5.9705373297E+01          7.4959071405E-01          3.9179453284E+01          4.4884866014E+02          2.3974982073E-01          
2024-12-12                09:08:35.157              346.38096247              8313.143099               347.38096247              1734023315.157            0                         963                       1.4000086327E+02          4.5001555456E+01          1.8562500000E+01          4.5015417021E+01          4.5005588584E+01          2.0000000000E+00          0.0000000000E+00          5.1598823817E+04          0.0000000000E+00          3.3764106092E-01          3.3467315906E-01          3.3962919525E-01          3.3689615906E-01          3.4151824179E-01          3.3848733425E-01          3.4346027878E-01          3.4089618414E-01          4.3881665918E+02          4.4382335965E+02          2.0606948381E+00          2.0779907092E+00          6.4599414979E-01          2.8316114899E-02          0.0000000000E+00          6.7949799896E-01          5.9705373297E+01          7.4959071405E-01          3.9222504477E+01          4.4884866014E+02          1.7428571787E-02          
2024-12-12                09:08:35.776              346.38096963              8313.143271               347.38096963              1734023315.776            0                         963                       1.4000213623E+02          4.5001762390E+01          1.8562500000E+01          4.5015434265E+01          4.5005577087E+01          4.6000000000E+01          0.0000000000E+00          5.1598960938E+04          0.0000000000E+00          3.3687758242E-01          3.3472882443E-01          3.3957983471E-01          3.3688831066E-01          3.4074404936E-01          3.3854460280E-01          3.4341356813E-01          3.4088773208E-01          4.3859565088E+02          4.4359734330E+02          2.0606796500E+00          2.0779666969E+00          6.4567166009E-01          2.4145888594E-02          0.0000000000E+00          6.7949799896E-01          5.9470101376E+01          7.4959071405E-01          3.9222504477E+01          4.4884866014E+02          1.7428571787E-02          
2024-12-12                09:08:36.750              346.38098090              8313.143542               347.38098090              1734023316.750            0                         963                       1.3999967993E+02          4.5001762390E+01          1.8562500000E+01          4.5015434265E+01          4.5005577087E+01          4.7000000000E+01          0.0000000000E+00          5.1598727783E+04          0.0000000000E+00          3.3567755862E-01          3.3482359731E-01          3.3936871885E-01          3.3687344975E-01          3.3952714175E-01          3.3864131295E-01          3.4320521742E-01          3.4087198476E-01          4.3858136302E+02          4.4357884349E+02          2.0606554816E+00          2.0779283802E+00          6.4515452075E-01          1.7592290457E-02          0.0000000000E+00          6.7360535360E-01          5.9470101376E+01          7.2814848113E-01          3.9222504477E+01          4.4884866014E+02          1.7428571787E-02          
2024-12-12                09:08:37.483              346.38098940              8313.143746               347.38098940              1734023317.484            0                         963                       1.3999967993E+02          4.5001762390E+01          1.8562500000E+01          4.5015434265E+01          4.5005577087E+01          4.7000000000E+01          0.0000000000E+00          5.1598727783E+04          0.0000000000E+00          3.3567437528E-01          3.3502379552E-01          3.3932576137E-01          3.3687063502E-01          3.3952157691E-01          3.3884455082E-01          3.4316238439E-01          3.4086881479E-01          4.3857056801E+02          4.4356487438E+02          2.0606372714E+00          2.0778995086E+00          6.4476481940E-01          1.2659908688E-02          0.0000000000E+00          6.7360535360E-01          5.9470101376E+01          7.2814848113E-01          3.9222504477E+01          4.4884866014E+02          1.7428571787E-02          
2024-12-12                09:08:37.783              346.38099287              8313.143829               347.38099287              1734023317.784            0                         963                       1.3999869561E+02          4.5001762390E+01          1.8524342105E+01          4.5015434265E+01          4.5005577087E+01          2.5000000000E+01          0.0000000000E+00          5.1598538446E+04          0.0000000000E+00          3.3453703342E-01          3.3501273275E-01          3.3909302486E-01          3.3687272303E-01          3.3837024583E-01          3.3883377116E-01          3.4292993544E-01          3.4087041493E-01          4.3856619088E+02          4.4355920040E+02          2.0606298248E+00          2.0778877046E+00          6.4460554269E-01          1.0635922554E-02          0.0000000000E+00          6.7360535360E-01          5.9470101376E+01          7.2814848113E-01          3.9222504477E+01          4.4882247000E+02          1.7428571787E-02          
2024-12-12                09:08:38.783              346.38100444              8313.144107               347.38100444              1734023318.784            0                         963                       1.3999929008E+02          4.5001762390E+01          1.8524364407E+01          4.5015434265E+01          4.5005577087E+01          4.7000000000E+01          0.0000000000E+00          5.1598517148E+04          0.0000000000E+00          3.3074589253E-01          3.3522971209E-01          3.3866998519E-01          3.3686592240E-01          3.3453252114E-01          3.3905413192E-01          3.4250740347E-01          3.4086301973E-01          4.3855160020E+02          4.4354028717E+02          2.0605842327E+00          2.0778274168E+00          6.4407463034E-01          3.8893274899E-03          0.0000000000E+00          6.6379694904E-01          5.9470101376E+01          7.2765055148E-01          3.9222504477E+01          4.4882247000E+02          1.7428571787E-02          
2024-12-12                09:08:39.525              346.38101302              8313.144313               347.38101302              1734023319.525            0                         963                       1.3999929008E+02          4.5001762390E+01          1.8524364407E+01          4.5015434265E+01          4.5005577087E+01          4.7000000000E+01          0.0000000000E+00          5.1598517148E+04          0.0000000000E+00          3.3074267773E-01          3.3508907799E-01          3.3857780720E-01          3.3685967637E-01          3.3452693716E-01          3.3891241716E-01          3.4241460735E-01          3.4085618227E-01          4.3854070203E+02          4.4352618535E+02          2.0605504580E+00          2.0777827536E+00          6.4368123756E-01          -1.0900745358E-03         0.0000000000E+00          6.6379694904E-01          5.9470101376E+01          7.2765055148E-01          3.9222504477E+01          4.4882247000E+02          1.7428571787E-02          
2024-12-12                09:08:40.085              346.38101950              8313.144468               347.38101950              1734023320.085            0                         963                       1.4000013122E+02          4.5001945809E+01          1.8533604452E+01          4.5015476593E+01          4.5005506542E+01          2.0000000000E+00          0.0000000000E+00          5.1598577322E+04          0.0000000000E+00          3.3244099102E-01          3.3498787147E-01          3.3848278473E-01          3.3685802367E-01          3.3624290867E-01          3.3881050827E-01          3.4232126293E-01          3.4085398764E-01          4.3853241348E+02          4.4351547530E+02          2.0605249388E+00          2.0777490061E+00          6.4338394426E-01          -4.8411693991E-03         0.0000000000E+00          6.6379694904E-01          5.9470101376E+01          7.2765055148E-01          3.9069649891E+01          4.4882247000E+02          -1.5685130448E-02         
2024-12-12                09:08:40.696              346.38102657              8313.144638               347.38102657              1734023320.696            0                         963                       1.4000076294E+02          4.5002159119E+01          1.8500000000E+01          4.5015525818E+01          4.5005424500E+01          4.6000000000E+01          0.0000000000E+00          5.1598644531E+04          0.0000000000E+00          3.3429865495E-01          3.3494922421E-01          3.3840947404E-01          3.3686169307E-01          3.3812314768E-01          3.3877187987E-01          3.4224989893E-01          3.4085718099E-01          4.3852336951E+02          4.4350807138E+02          2.0604970955E+00          2.0777269278E+00          6.4360622845E-01          -1.1818431469E-02         0.0000000000E+00          6.6379694904E-01          5.9460447251E+01          7.2765055148E-01          3.9069649891E+01          4.4882247000E+02          -1.5685130448E-02         
2024-12-12                09:08:41.667              346.38103782              8313.144908               347.38103782              1734023321.668            0                         963                       1.4000011453E+02          4.5002159119E+01          1.8553117433E+01          4.5015525818E+01          4.5005424500E+01          4.7000000000E+01          0.0000000000E+00          5.1598322507E+04          0.0000000000E+00          3.3725551158E-01          3.3500065303E-01          3.3834177957E-01          3.3688195849E-01          3.4111589422E-01          3.3882445877E-01          3.4218644535E-01          3.4087698018E-01          4.3892018837E+02          4.4391200739E+02          2.0604524686E+00          2.0776911463E+00          6.4394787596E-01          -2.2907896154E-02         0.0000000000E+00          6.7805761916E-01          5.9460447251E+01          7.7382092374E-01          3.9069649891E+01          4.4882247000E+02          -1.5685130448E-02         
2024-12-12                09:08:42.403              346.38104633              8313.145112               347.38104633              1734023322.403            0                         963                       1.4000011453E+02          4.5002159119E+01          1.8553117433E+01          4.5015525818E+01          4.5005424500E+01          4.7000000000E+01          0.0000000000E+00          5.1598322507E+04          0.0000000000E+00          3.3725918130E-01          3.3508674782E-01          3.3832919122E-01          3.3688284399E-01          3.4112116783E-01          3.3891221643E-01          3.4217405840E-01          3.4087755339E-01          4.3922032081E+02          4.4421752559E+02          2.0604187158E+00          2.0776640819E+00          6.4420622349E-01          -3.1309219125E-02         0.0000000000E+00          6.7805761916E-01          5.9460447251E+01          7.7382092374E-01          3.9069649891E+01          4.4882247000E+02          -1.5685130448E-02         
2024-12-12                09:08:42.707              346.38104985              8313.145196               347.38104985              1734023322.707            0                         963                       1.3999729919E+02          4.5002159119E+01          1.8562500000E+01          4.5015525818E+01          4.5005424500E+01          2.5000000000E+01          0.0000000000E+00          5.1597597656E+04          0.0000000000E+00          3.3749045564E-01          3.3514137754E-01          3.3828915532E-01          3.3689368839E-01          3.4135573675E-01          3.3896775098E-01          3.4213568213E-01          3.4088801624E-01          4.3934445014E+02          4.4434388324E+02          2.0604047561E+00          2.0776528887E+00          6.4431307881E-01          -3.4782428767E-02         0.0000000000E+00          6.7805761916E-01          5.9460447251E+01          7.7382092374E-01          3.9069649891E+01          4.4877423673E+02          -1.5685130448E-02         
2024-12-12                09:08:43.684              346.38106116              8313.145468               347.38106116              1734023323.684            0                         963                       1.3999651660E+02          4.5002159119E+01          1.8551452785E+01          4.5015525818E+01          4.5005424500E+01          4.7000000000E+01          0.0000000000E+00          5.1597134174E+04          0.0000000000E+00          3.3823372980E-01          3.3527959158E-01          3.3823295673E-01          3.3690627433E-01          3.4210960510E-01          3.3910884763E-01          3.4208202876E-01          3.4090024642E-01          4.3974337914E+02          4.4474997686E+02          2.0603750498E+00          2.0776321981E+00          6.4465649762E-01          -4.5944703275E-02         0.0000000000E+00          6.8024650539E-01          5.9460447251E+01          7.8306611808E-01          3.9069649891E+01          4.4877423673E+02          -1.5685130448E-02         
2024-12-12                09:08:44.418              346.38106966              8313.145672               347.38106966              1734023324.419            0                         963                       1.3999651660E+02          4.5002159119E+01          1.8551452785E+01          4.5015525818E+01          4.5005424500E+01          4.7000000000E+01          0.0000000000E+00          5.1597134174E+04          0.0000000000E+00          3.3823740039E-01          3.3535585442E-01          3.3823300840E-01          3.3691695649E-01          3.4211488427E-01          3.3918693012E-01          3.4208241080E-01          3.4091055416E-01          4.4004351174E+02          4.4505550284E+02          2.0603526998E+00          2.0776166307E+00          6.4491485690E-01          -5.4346040180E-02         0.0000000000E+00          6.8024650539E-01          5.9460447251E+01          7.8306611808E-01          3.9069649891E+01          4.4877423673E+02          -1.5685130448E-02         
2024-12-12                09:08:44.984              346.38107622              8313.145829               347.38107622              1734023324.985            0                         963                       1.3999678750E+02          4.5001659132E+01          1.8562500000E+01          4.5015656249E+01          4.5005598408E+01          2.0000000000E+00          0.0000000000E+00          5.1596671233E+04          0.0000000000E+00          3.3798117275E-01          3.3542633350E-01          3.3823061178E-01          3.3692486683E-01          3.4185692498E-01          3.3925925143E-01          3.4208125511E-01          3.4091805423E-01          4.4027464223E+02          4.4529078859E+02          2.0603354879E+00          2.0776046419E+00          6.4511381369E-01          -6.0817471370E-02         0.0000000000E+00          6.8024650539E-01          5.9460447251E+01          7.8306611808E-01          3.9173524076E+01          4.4877423673E+02          -7.1744001364E-02         
2024-12-12                09:08:45.602              346.38108337              8313.146001               347.38108337              1734023325.603            0                         963                       1.3999763060E+02          4.5001457214E+01          1.8562500000E+01          4.5015708923E+01          4.5005668640E+01          4.6000000000E+01          0.0000000000E+00          5.1596484253E+04          0.0000000000E+00          3.3770070336E-01          3.3553022036E-01          3.3822445281E-01          3.3692869532E-01          3.4157408899E-01          3.3936542428E-01          3.4207598470E-01          3.4092141644E-01          4.4052700764E+02          4.4554708748E+02          2.0603166948E+00          2.0775894769E+00          6.4525411454E-01          -6.6004743731E-02         0.0000000000E+00          6.8024650539E-01          5.9727809941E+01          7.8306611808E-01          3.9173524076E+01          4.4877423673E+02          -7.1744001364E-02         
2024-12-12                09:08:46.585              346.38109475              8313.146274               347.38109475              1734023326.586            0                         963                       1.3999823803E+02          4.5001457214E+01          1.8562500000E+01          4.5015708923E+01          4.5005668640E+01          4.7000000000E+01          0.0000000000E+00          5.1596329014E+04          0.0000000000E+00          3.3725186951E-01          3.3566854040E-01          3.3820585487E-01          3.3693201402E-01          3.4112157807E-01          3.3950640369E-01          3.4205834579E-01          3.4092403854E-01          4.4023937138E+02          4.4525813835E+02          2.0602873597E+00          2.0775664586E+00          6.4549735166E-01          -7.4272798259E-02         0.0000000000E+00          6.7678230752E-01          5.9727809941E+01          7.3059579702E-01          3.9173524076E+01          4.4877423673E+02          -7.1744001364E-02         
2024-12-12                09:08:47.325              346.38110331              8313.146479               347.38110331              1734023327.326            0                         963                       1.3999823803E+02          4.5001457214E+01          1.8562500000E+01          4.5015708923E+01          4.5005668640E+01          4.7000000000E+01          0.0000000000E+00          5.1596329014E+04          0.0000000000E+00          3.3725268139E-01          3.3587747917E-01          3.3819477146E-01          3.3693276676E-01          3.4112350632E-01          3.3971875234E-01          3.4204747557E-01          3.4092450677E-01          4.4002282908E+02          4.4504060600E+02          2.0602652775E+00          2.0775491315E+00          6.4568046262E-01          -8.0494576609E-02         0.0000000000E+00          6.7678230752E-01          5.9727809941E+01          7.3059579702E-01          3.9173524076E+01          4.4877423673E+02          -7.1744001364E-02         
2024-12-12                09:08:47.628              346.38110682              8313.146564               347.38110682              1734023327.629            0                         963                       1.3999771118E+02          4.5001457214E+01          1.8562500000E+01          4.5015708923E+01          4.5005668640E+01          2.5000000000E+01          0.0000000000E+00          5.1596179688E+04          0.0000000000E+00          3.3599855783E-01          3.3588023095E-01          3.3816080211E-01          3.3692643459E-01          3.3985544140E-01          3.3972185891E-01          3.4201395603E-01          3.4091757665E-01          4.3993420244E+02          4.4495157402E+02          2.0602562316E+00          2.0775420326E+00          6.4575543873E-01          -8.3051005512E-02         0.0000000000E+00          6.7678230752E-01          5.9727809941E+01          7.3059579702E-01          3.9173524076E+01          4.4874242297E+02          -7.1744001364E-02         
2024-12-12                09:08:48.602              346.38111809              8313.146834               347.38111809              1734023328.603            0                         963                       1.3999673894E+02          4.5001457214E+01          1.8562500000E+01          4.5015708923E+01          4.5005668640E+01          4.7000000000E+01          0.0000000000E+00          5.1595781458E+04          0.0000000000E+00          3.3196714708E-01          3.3612728685E-01          3.3804736550E-01          3.3691063263E-01          3.3577919300E-01          3.3997337216E-01          3.4190070085E-01          3.4090106473E-01          4.3964930942E+02          4.4466537641E+02          2.0601688516E+00          2.0774604283E+00          6.4599645025E-01          -9.1268629813E-02         0.0000000000E+00          6.6590059467E-01          5.9727809941E+01          7.1781769062E-01          3.9173524076E+01          4.4874242297E+02          -7.1744001364E-02         
2024-12-12                09:08:49.344              346.38112667              8313.147040               347.38112667              1734023329.344            0                         963                       1.3999673894E+02          4.5001457214E+01          1.8562500000E+01          4.5015708923E+01          4.5005668640E+01          4.7000000000E+01          0.0000000000E+00          5.1595781458E+04          0.0000000000E+00          3.3196795734E-01          3.3614626208E-01          3.3797667471E-01          3.3689372407E-01          3.3578110377E-01          3.3999350034E-01          3.4182954274E-01          3.4088343019E-01          4.3943247389E+02          4.4444754574E+02          2.0601023846E+00          2.0773983551E+00          6.4617981184E-01          -9.7498761770E-02         0.0000000000E+00          6.6590059467E-01          5.9727809941E+01          7.1781769062E-01          3.9173524076E+01          4.4874242297E+02          -7.1744001364E-02         
2024-12-12                09:08:49.911              346.38113323              8313.147198               347.38113323              1734023329.911            0                         963                       1.3999800110E+02          4.5001457214E+01          1.8562500000E+01          4.5015708923E+01          4.5005668640E+01          2.0000000000E+00          0.0000000000E+00          5.1595550781E+04          0.0000000000E+00          3.3481426375E-01          3.3623137502E-01          3.3783390471E-01          3.3688228543E-01          3.3866094349E-01          3.4008048901E-01          3.4168614588E-01          3.4087132662E-01          4.3926646751E+02          4.4428077600E+02          2.0600515344E+00          2.0773508670E+00          6.4632012047E-01          -1.0224584260E-01         0.0000000000E+00          6.6590059467E-01          5.9727809941E+01          7.1781769062E-01          3.9242172703E+01          4.4874242297E+02          -1.1312534948E-01         
2024-12-12                09:08:50.522              346.38114030              8313.147367               347.38114030              1734023330.522            0                         963                       1.3999928808E+02          4.5003040314E+01          1.8562500000E+01          4.5015524228E+01          4.5005510330E+01          4.6000000000E+01          0.0000000000E+00          5.1595684652E+04          0.0000000000E+00          3.3788162213E-01          3.3637276873E-01          3.3772680810E-01          3.3687612190E-01          3.4176567617E-01          3.4022441323E-01          3.4157889811E-01          3.4086455801E-01          4.3908758674E+02          4.4410265261E+02          2.0599967398E+00          2.0773051293E+00          6.4667284893E-01          -5.4498370177E-02         0.0000000000E+00          6.6590059467E-01          5.9535747771E+01          7.1781769062E-01          3.9242172703E+01          4.4874242297E+02          -1.1312534948E-01         
2024-12-12                09:08:51.493              346.38115155              8313.147637               347.38115155              1734023331.494            0                         963                       1.4000131743E+02          4.5003288269E+01          1.8562500000E+01          4.5015495300E+01          4.5005485535E+01          4.7000000000E+01          0.0000000000E+00          5.1596073689E+04          0.0000000000E+00          3.4276358981E-01          3.3661147833E-01          3.3747512099E-01          3.3687448138E-01          3.4670710194E-01          3.4046683121E-01          3.4132617557E-01          3.4086210126E-01          4.3938884893E+02          4.4441157143E+02          2.0599090967E+00          2.0772314297E+00          6.4721693187E-01          2.1474505666E-02          0.0000000000E+00          6.8722650411E-01          5.9535747771E+01          7.1280609108E-01          3.9242172703E+01          4.4874242297E+02          -1.1312534948E-01         
2024-12-12                09:08:52.226              346.38116003              8313.147841               347.38116003              1734023332.227            0                         963                       1.4000131743E+02          4.5003288269E+01          1.8562500000E+01          4.5015495300E+01          4.5005485535E+01          4.7000000000E+01          0.0000000000E+00          5.1596073689E+04          0.0000000000E+00          3.4276634023E-01          3.3682362099E-01          3.3753664679E-01          3.3688831203E-01          3.4671240534E-01          3.4068240821E-01          3.4138880614E-01          3.4087583437E-01          4.3961614871E+02          4.4464465040E+02          2.0598429917E+00          2.0771758393E+00          6.4762724211E-01          7.8740816795E-02          0.0000000000E+00          6.8722650411E-01          5.9535747771E+01          7.1280609108E-01          3.9242172703E+01          4.4874242297E+02          -1.1312534948E-01         
2024-12-12                09:08:52.529              346.38116353              8313.147925               347.38116353              1734023332.529            0                         963                       1.4000283813E+02          4.5003288269E+01          1.8562500000E+01          4.5015495300E+01          4.5005485535E+01          2.5000000000E+01          0.0000000000E+00          5.1596437500E+04          0.0000000000E+00          3.4417350039E-01          3.3699066371E-01          3.3739139324E-01          3.3690367033E-01          3.4813680699E-01          3.4085182637E-01          3.4124283733E-01          3.4089084661E-01          4.3970975413E+02          4.4474063739E+02          2.0598157607E+00          2.0771529403E+00          6.4779629626E-01          1.0234478326E-01          0.0000000000E+00          6.8722650411E-01          5.9535747771E+01          7.1280609108E-01          3.9242172703E+01          4.4864772065E+02          -1.1312534948E-01         
2024-12-12                09:08:53.500              346.38117478              8313.148195               347.38117478              1734023333.501            0                         963                       1.4000017202E+02          4.5003288269E+01          1.8562500000E+01          4.5015495300E+01          4.5005485535E+01          4.7000000000E+01          0.0000000000E+00          5.1596299996E+04          0.0000000000E+00          3.4870251408E-01          3.3742552330E-01          3.3708531902E-01          3.3692965324E-01          3.5272137133E-01          3.4129329685E-01          3.4093450199E-01          3.4091661043E-01          4.4001102909E+02          4.4504958155E+02          2.0598681662E+00          2.0772204525E+00          6.4834042363E-01          1.7831499423E-01          0.0000000000E+00          6.9971276859E-01          5.9535747771E+01          7.3692966833E-01          3.9242172703E+01          4.4864772065E+02          -1.1312534948E-01         
2024-12-12                09:08:54.240              346.38118333              8313.148400               347.38118333              1734023334.240            0                         963                       1.4000017202E+02          4.5003288269E+01          1.8562500000E+01          4.5015495300E+01          4.5005485535E+01          4.7000000000E+01          0.0000000000E+00          5.1596299996E+04          0.0000000000E+00          3.4870529209E-01          3.3780485016E-01          3.3722043498E-01          3.3695997038E-01          3.5272676766E-01          3.4167808167E-01          3.4107162136E-01          3.4094676478E-01          4.4024019087E+02          4.4528457931E+02          2.0599079983E+00          2.0772717709E+00          6.4875412652E-01          2.3604993084E-01          0.0000000000E+00          6.9971276859E-01          5.9535747771E+01          7.3692966833E-01          3.9242172703E+01          4.4864772065E+02          -1.1312534948E-01         
2024-12-12                09:08:54.805              346.38118988              8313.148557               347.38118988              1734023334.806            0                         963                       1.3999873608E+02          4.5003226607E+01          1.8562500000E+01          4.5015470635E+01          4.5005460870E+01          2.0000000000E+00          0.0000000000E+00          5.1596098419E+04          0.0000000000E+00          3.4502028353E-01          3.3809844766E-01          3.3714534278E-01          3.3698636752E-01          3.4900122498E-01          3.4197617184E-01          3.4099635683E-01          3.4097297167E-01          4.4041581948E+02          4.4546468129E+02          2.0599384938E+00          2.0773110641E+00          6.4907098565E-01          2.8024306086E-01          0.0000000000E+00          6.9971276859E-01          5.9535747771E+01          7.3692966833E-01          3.9405003986E+01          4.4864772065E+02          2.6926280788E-01          
2024-12-12                09:08:55.441              346.38119725              8313.148734               347.38119725              1734023335.442            0                         963                       1.3999953715E+02          4.5003135681E+01          1.8562500000E+01          4.5015434265E+01          4.5005424500E+01          4.6000000000E+01          0.0000000000E+00          5.1596125000E+04          0.0000000000E+00          3.4087609054E-01          3.3823631070E-01          3.3702197577E-01          3.3701065559E-01          3.4480696759E-01          3.4211666963E-01          3.4087211009E-01          3.4099706067E-01          4.4061315521E+02          4.4566134313E+02          2.0599727579E+00          2.0773356784E+00          6.4870254550E-01          2.3788188859E-01          0.0000000000E+00          6.9971276859E-01          5.9739312275E+01          7.3692966833E-01          3.9405003986E+01          4.4864772065E+02          2.6926280788E-01          
2024-12-12                09:08:56.446              346.38120887              8313.149013               347.38120887              1734023336.446            0                         963                       1.4000138327E+02          4.5003135681E+01          1.8562500000E+01          4.5015434265E+01          4.5005424500E+01          4.7000000000E+01          0.0000000000E+00          5.1596367528E+04          0.0000000000E+00          3.3433233964E-01          3.3815763014E-01          3.3675189379E-01          3.3703569689E-01          3.3818435017E-01          3.4203798755E-01          3.4059935247E-01          3.4102168695E-01          4.4050358440E+02          4.4554605659E+02          2.0600271886E+00          2.0773752091E+00          6.4813320368E-01          1.7099939817E-01          0.0000000000E+00          6.7022189942E-01          5.9739312275E+01          7.0527030610E-01          3.9405003986E+01          4.4864772065E+02          2.6926280788E-01          
2024-12-12                09:08:57.191              346.38121750              8313.149220               347.38121750              1734023337.192            0                         963                       1.4000138327E+02          4.5003135681E+01          1.8562500000E+01          4.5015434265E+01          4.5005424500E+01          4.7000000000E+01          0.0000000000E+00          5.1596367528E+04          0.0000000000E+00          3.3432987279E-01          3.3797400169E-01          3.3672373076E-01          3.3702934519E-01          3.3817931941E-01          3.4185298644E-01          3.4057121255E-01          3.4101501473E-01          4.4042202047E+02          4.4546024564E+02          2.0600676478E+00          2.0774045974E+00          6.4771018341E-01          1.2133817714E-01          0.0000000000E+00          6.7022189942E-01          5.9739312275E+01          7.0527030610E-01          3.9405003986E+01          4.4864772065E+02          2.6926280788E-01          
2024-12-12                09:08:57.500              346.38122106              8313.149306               347.38122106              1734023337.500            0                         963                       1.4000234985E+02          4.5003135681E+01          1.8562500000E+01          4.5015434265E+01          4.5005424500E+01          2.5000000000E+01          0.0000000000E+00          5.1596507812E+04          0.0000000000E+00          3.3318278173E-01          3.3786511033E-01          3.3663618477E-01          3.3703898884E-01          3.3701797879E-01          3.4174309990E-01          3.4048304375E-01          3.4102430858E-01          4.4038838060E+02          4.4542485309E+02          2.0600843484E+00          2.0774167271E+00          6.4753553388E-01          1.0082651956E-01          0.0000000000E+00          6.7022189942E-01          5.9739312275E+01          7.0527030610E-01          3.9405003986E+01          4.4870556527E+02          2.6926280788E-01          
2024-12-12                09:08:58.474              346.38123235              8313.149576               347.38123235              1734023338.475            0                         963                       1.3999950189E+02          4.5003135681E+01          1.8562500000E+01          4.5015434265E+01          4.5005424500E+01          4.7000000000E+01          0.0000000000E+00          5.1596012447E+04          0.0000000000E+00          3.2955156995E-01          3.3746837418E-01          3.3644694113E-01          3.3704012711E-01          3.3334170634E-01          3.4134268766E-01          3.4029207509E-01          3.4102500335E-01          4.4028189126E+02          4.4531281705E+02          2.0601755540E+00          2.0774937812E+00          6.4698268035E-01          3.5895089119E-02          0.0000000000E+00          6.6174707519E-01          5.9739312275E+01          7.4128792616E-01          3.9405003986E+01          4.4870556527E+02          2.6926280788E-01          
2024-12-12                09:08:59.210              346.38124086              8313.149781               347.38124086              1734023339.210            0                         963                       1.3999950189E+02          4.5003135681E+01          1.8562500000E+01          4.5015434265E+01          4.5005424500E+01          4.7000000000E+01          0.0000000000E+00          5.1596012447E+04          0.0000000000E+00          3.2954913988E-01          3.3717202546E-01          3.3636673414E-01          3.3703796923E-01          3.3333678619E-01          3.4104327635E-01          3.4021119963E-01          3.4102236543E-01          4.4020153041E+02          4.4522827541E+02          2.0602443179E+00          2.0775518767E+00          6.4656592828E-01          -1.3033897224E-02         0.0000000000E+00          6.6174707519E-01          5.9739312275E+01          7.4128792616E-01          3.9405003986E+01          4.4870556527E+02          2.6926280788E-01          
2024-12-12                09:08:59.772              346.38124736              8313.149937               347.38124736              1734023339.772            0                         963                       1.3999927411E+02          4.5002756615E+01          1.8562500000E+01          4.5015458721E+01          4.5005485639E+01          2.0000000000E+00          0.0000000000E+00          5.1595932818E+04          0.0000000000E+00          3.2977894264E-01          3.3688091752E-01          3.3619834092E-01          3.3703275667E-01          3.3356734607E-01          3.4074903771E-01          3.4004121624E-01          3.4101661392E-01          4.4014007728E+02          4.4516362636E+02          2.0602968972E+00          2.0775962986E+00          6.4624727619E-01          -5.0444628298E-02         0.0000000000E+00          6.6174707519E-01          5.9739312275E+01          7.4128792616E-01          3.9239454113E+01          4.4870556527E+02          -6.1309913366E-02         
2024-12-12                09:09:00.407              346.38125472              8313.150113               347.38125472              1734023340.408            0                         963                       1.3999840450E+02          4.5002189636E+01          1.8562500000E+01          4.5015495300E+01          4.5005577087E+01          4.6000000000E+01          0.0000000000E+00          5.1595755127E+04          0.0000000000E+00          3.3004462365E-01          3.3663866111E-01          3.3603304195E-01          3.3702243324E-01          3.3383905338E-01          3.4050421574E-01          3.3987441446E-01          3.4100566843E-01          4.4007054088E+02          4.4509726096E+02          2.0603564016E+00          2.0776698540E+00          6.4675000436E-01          -3.5635143253E-02         0.0000000000E+00          6.6174707519E-01          5.9666870997E+01          7.4128792616E-01          3.9239454113E+01          4.4870556527E+02          -6.1309913366E-02         
2024-12-12                09:09:01.382              346.38126601              8313.150384               347.38126601              1734023341.383            0                         963                       1.4000024440E+02          4.5002189636E+01          1.8562500000E+01          4.5015495300E+01          4.5005577087E+01          4.7000000000E+01          0.0000000000E+00          5.1596037124E+04          0.0000000000E+00          3.3045188941E-01          3.3645212046E-01          3.3577917993E-01          3.3701791303E-01          3.3425556804E-01          3.4031584163E-01          3.3961828578E-01          3.4100030143E-01          4.3995686982E+02          4.4498837115E+02          2.0604476287E+00          2.0777826297E+00          6.4752093196E-01          -1.2932098743E-02         0.0000000000E+00          6.6312490597E-01          5.9666870997E+01          7.2706034265E-01          3.9239454113E+01          4.4870556527E+02          -6.1309913366E-02         
2024-12-12                09:09:02.118              346.38127453              8313.150589               347.38127453              1734023342.119            0                         963                       1.4000024440E+02          4.5002189636E+01          1.8562500000E+01          4.5015495300E+01          4.5005577087E+01          4.7000000000E+01          0.0000000000E+00          5.1596037124E+04          0.0000000000E+00          3.3045593706E-01          3.3633998560E-01          3.3571728176E-01          3.3700250933E-01          3.3426311009E-01          3.4020278504E-01          3.3955601629E-01          3.4098448643E-01          4.3987107210E+02          4.4490618101E+02          2.0605164925E+00          2.0778677620E+00          6.4810290716E-01          4.2036457542E-03          0.0000000000E+00          6.6312490597E-01          5.9666870997E+01          7.2706034265E-01          3.9239454113E+01          4.4870556527E+02          -6.1309913366E-02         
2024-12-12                09:09:02.421              346.38127802              8313.150673               347.38127802              1734023342.421            0                         963                       1.4000019836E+02          4.5002189636E+01          1.8562500000E+01          4.5015495300E+01          4.5005577087E+01          2.5000000000E+01          0.0000000000E+00          5.1596015625E+04          0.0000000000E+00          3.3151038435E-01          3.3623022194E-01          3.3557574618E-01          3.3699079703E-01          3.3533112384E-01          3.4009206546E-01          3.3941342946E-01          3.4097209708E-01          4.3983583461E+02          4.4487242302E+02          2.0605447525E+00          2.0779026980E+00          6.4834171356E-01          1.1242326820E-02          0.0000000000E+00          6.6312490597E-01          5.9666870997E+01          7.2706034265E-01          3.9239454113E+01          4.4880441095E+02          -6.1309913366E-02         
2024-12-12                09:09:03.391              346.38128926              8313.150942               347.38128926              1734023343.392            0                         963                       1.3999816178E+02          4.5002189636E+01          1.8562500000E+01          4.5015495300E+01          4.5005577087E+01          4.7000000000E+01          0.0000000000E+00          5.1595554517E+04          0.0000000000E+00          3.3490066432E-01          3.3622566021E-01          3.3539543415E-01          3.3698701313E-01          3.3876508431E-01          3.4008801661E-01          3.3923196987E-01          3.4096771692E-01          4.3972253532E+02          4.4476387881E+02          2.0604429052E+00          2.0778207134E+00          6.4910954462E-01          3.3873553420E-02          0.0000000000E+00          6.7297367541E-01          5.9666870997E+01          7.6294531497E-01          3.9239454113E+01          4.4880441095E+02          -6.1309913366E-02         
2024-12-12                09:09:04.127              346.38129777              8313.151146               347.38129777              1734023344.127            0                         963                       1.3999816178E+02          4.5002189636E+01          1.8562500000E+01          4.5015495300E+01          4.5005577087E+01          4.7000000000E+01          0.0000000000E+00          5.1595554517E+04          0.0000000000E+00          3.3490469657E-01          3.3614578455E-01          3.3538972790E-01          3.3697862443E-01          3.3877265300E-01          3.4000776964E-01          3.3922662898E-01          3.4095866742E-01          4.3963685220E+02          4.4468179419E+02          2.0603658034E+00          2.0777586461E+00          6.4969077740E-01          5.0986193908E-02          0.0000000000E+00          6.7297367541E-01          5.9666870997E+01          7.6294531497E-01          3.9239454113E+01          4.4880441095E+02          -6.1309913366E-02         
2024-12-12                09:09:04.691              346.38130431              8313.151303               347.38130431              1734023344.692            0                         963                       1.3999716187E+02          4.5002189636E+01          1.8562500000E+01          4.5015495300E+01          4.5005577087E+01          2.0000000000E+00          0.0000000000E+00          5.1594777344E+04          0.0000000000E+00          3.3533393754E-01          3.3607587142E-01          3.3536864137E-01          3.3696624671E-01          3.3920953730E-01          3.3993764599E-01          3.3920605785E-01          3.4094559935E-01          4.3957097381E+02          4.4461868084E+02          2.0603065361E+00          2.0777109357E+00          6.5013758969E-01          6.4143819451E-02          0.0000000000E+00          6.7297367541E-01          5.9666870997E+01          7.6294531497E-01          3.9465597814E+01          4.4880441095E+02          5.3253403526E-02          
2024-12-12                09:09:05.328              346.38131168              8313.151480               347.38131168              1734023345.329            0                         963                       1.3999631214E+02          4.5002138138E+01          1.8562500000E+01          4.5015529633E+01          4.5005559921E+01          4.6000000000E+01          0.0000000000E+00          5.1594434570E+04          0.0000000000E+00          3.3581578070E-01          3.3603342304E-01          3.3535329105E-01          3.3694686684E-01          3.3969774873E-01          3.3989530894E-01          3.3919132160E-01          3.4092546702E-01          4.3949669503E+02          4.4454460588E+02          2.0602397150E+00          2.0776471406E+00          6.5027044381E-01          4.3517976288E-02          0.0000000000E+00          6.7297367541E-01          5.9590324569E+01          7.6294531497E-01          3.9465597814E+01          4.4880441095E+02          5.3253403526E-02          
2024-12-12                09:09:06.325              346.38132321              8313.151757               347.38132321              1734023346.325            0                         963                       1.3999744631E+02          4.5002098083E+01          1.8562500000E+01          4.5015556335E+01          4.5005546570E+01          4.7000000000E+01          0.0000000000E+00          5.1594215931E+04          0.0000000000E+00          3.3656817610E-01          3.3602622754E-01          3.3542194012E-01          3.3691709151E-01          3.4046013925E-01          3.3988870638E-01          3.3926192576E-01          3.4089453058E-01          4.3912557496E+02          4.4417097928E+02          2.0601354412E+00          2.0775477999E+00          6.5048560294E-01          1.1261506890E-02          0.0000000000E+00          6.7691022243E-01          5.9590324569E+01          7.8540776463E-01          3.9465597814E+01          4.4880441095E+02          5.3253403526E-02          
2024-12-12                09:09:07.059              346.38133170              8313.151961               347.38133170              1734023347.059            0                         963                       1.3999744631E+02          4.5002098083E+01          1.8562500000E+01          4.5015556335E+01          4.5005546570E+01          4.7000000000E+01          0.0000000000E+00          5.1594215931E+04          0.0000000000E+00          3.3656904548E-01          3.3604695980E-01          3.3543527855E-01          3.3691627450E-01          3.4046197550E-01          3.3991044670E-01          3.3927587983E-01          3.4089351519E-01          4.3885209591E+02          4.4389565146E+02          2.0600585951E+00          2.0774745888E+00          6.5064416536E-01          -1.2513738291E-02         0.0000000000E+00          6.7691022243E-01          5.9590324569E+01          7.8540776463E-01          3.9465597814E+01          4.4880441095E+02          5.3253403526E-02          
2024-12-12                09:09:07.362              346.38133522              8313.152045               347.38133522              1734023347.363            0                         963                       1.3999833679E+02          4.5002098083E+01          1.8562500000E+01          4.5015556335E+01          4.5005546570E+01          2.5000000000E+01          0.0000000000E+00          5.1594210938E+04          0.0000000000E+00          3.3513806690E-01          3.3602630314E-01          3.3552914152E-01          3.3691517787E-01          3.3901484155E-01          3.3989009204E-01          3.3937160649E-01          3.4089194050E-01          4.3873887349E+02          4.4378166339E+02          2.0600267632E+00          2.0774442623E+00          6.5070983631E-01          -2.2370818925E-02         0.0000000000E+00          6.7691022243E-01          5.9590324569E+01          7.8540776463E-01          3.9465597814E+01          4.4869290297E+02          5.3253403526E-02          
2024-12-12                09:09:08.349              346.38134664              8313.152319               347.38134664              1734023348.350            0                         963                       1.3999461605E+02          4.5002098083E+01          1.8562500000E+01          4.5015556335E+01          4.5005546570E+01          4.7000000000E+01          0.0000000000E+00          5.1593251542E+04          0.0000000000E+00          3.3049210809E-01          3.3594041948E-01          3.3564199724E-01          3.3690319871E-01          3.3431640794E-01          3.3980438686E-01          3.3948686807E-01          3.4087937643E-01          4.3837127613E+02          4.4341157852E+02          2.0601494191E+00          2.0775736921E+00          6.5092306483E-01          -5.4374182556E-02         0.0000000000E+00          6.6375957159E-01          5.9590324569E+01          7.4820167219E-01          3.9465597814E+01          4.4869290297E+02          5.3253403526E-02          
2024-12-12                09:09:09.095              346.38135527              8313.152526               347.38135527              1734023349.095            0                         963                       1.3999461605E+02          4.5002098083E+01          1.8562500000E+01          4.5015556335E+01          4.5005546570E+01          4.7000000000E+01          0.0000000000E+00          5.1593251542E+04          0.0000000000E+00          3.3049300154E-01          3.3593453829E-01          3.3558212519E-01          3.3689126286E-01          3.3431826545E-01          3.3979940416E-01          3.3942676804E-01          3.4086687074E-01          4.3809370092E+02          4.4313212271E+02          2.0602420127E+00          2.0776713994E+00          6.5108401699E-01          -7.8505940964E-02         0.0000000000E+00          6.6375957159E-01          5.9590324569E+01          7.4820167219E-01          3.9465597814E+01          4.4869290297E+02          5.3253403526E-02          
2024-12-12                09:09:09.663              346.38136184              8313.152684               347.38136184              1734023349.663            0                         963                       1.3999844752E+02          4.5001960127E+01          1.8562500000E+01          4.5015532925E+01          4.5005523159E+01          2.0000000000E+00          0.0000000000E+00          5.1593370733E+04          0.0000000000E+00          3.3265726912E-01          3.3597906367E-01          3.3553407083E-01          3.3688442559E-01          3.3650831284E-01          3.3984548267E-01          3.3937894991E-01          3.4085951658E-01          4.3788200644E+02          4.4291899264E+02          2.0603126146E+00          2.0777459004E+00          6.5120673226E-01          -9.6889096242E-02         0.0000000000E+00          6.6375957159E-01          5.9590324569E+01          7.4820167219E-01          3.9524953230E+01          4.4869290297E+02          -1.0771872114E-01         
2024-12-12                09:09:10.280              346.38136899              8313.152856               347.38136899              1734023350.281            0                         963                       1.3999702454E+02          4.5001731873E+01          1.8562500000E+01          4.5015495300E+01          4.5005485535E+01          4.6000000000E+01          0.0000000000E+00          5.1592988281E+04          0.0000000000E+00          3.3501577980E-01          3.3603894248E-01          3.3551340697E-01          3.3688314413E-01          3.3889824913E-01          3.3990723477E-01          3.3935887152E-01          3.4085778036E-01          4.3765168160E+02          4.4269143040E+02          2.0603894324E+00          2.0778418802E+00          6.5189338519E-01          -8.4769676675E-02         0.0000000000E+00          6.6375957159E-01          5.9344141733E+01          7.4820167219E-01          3.9524953230E+01          4.4869290297E+02          -1.0771872114E-01         
2024-12-12                09:09:11.255              346.38138027              8313.153126               347.38138027              1734023351.255            0                         963                       1.3999977540E+02          4.5001731873E+01          1.8562500000E+01          4.5015495300E+01          4.5005485535E+01          4.7000000000E+01          0.0000000000E+00          5.1593115476E+04          0.0000000000E+00          3.3873497260E-01          3.3614211266E-01          3.3555156957E-01          3.3689476589E-01          3.4266702016E-01          3.4001290623E-01          3.3939871530E-01          3.4086881501E-01          4.3781103640E+02          4.4286093836E+02          2.0605100786E+00          2.0779923176E+00          6.5296042228E-01          -6.5655879254E-02         0.0000000000E+00          6.7991270483E-01          5.9344141733E+01          7.4058743314E-01          3.9524953230E+01          4.4869290297E+02          -1.0771872114E-01         
2024-12-12                09:09:11.992              346.38138880              8313.153331               347.38138880              1734023351.992            0                         963                       1.3999977540E+02          4.5001731873E+01          1.8562500000E+01          4.5015495300E+01          4.5005485535E+01          4.7000000000E+01          0.0000000000E+00          5.1593115476E+04          0.0000000000E+00          3.3874185747E-01          3.3617667884E-01          3.3558866594E-01          3.3689910179E-01          3.4267888917E-01          3.4004925495E-01          3.3943685686E-01          3.4087306401E-01          4.3793170247E+02          4.4298929257E+02          2.0606013593E+00          2.0781061442E+00          6.5376786478E-01          -5.1212809212E-02         0.0000000000E+00          6.7991270483E-01          5.9344141733E+01          7.4058743314E-01          3.9524953230E+01          4.4869290297E+02          -1.0771872114E-01         
2024-12-12                09:09:12.296              346.38139231              8313.153416               347.38139231              1734023352.296            0                         963                       1.3999819946E+02          4.5001731873E+01          1.8562500000E+01          4.5015495300E+01          4.5005485535E+01          2.5000000000E+01          0.0000000000E+00          5.1592597656E+04          0.0000000000E+00          3.3714160790E-01          3.3619860905E-01          3.3563034620E-01          3.3690743158E-01          3.4106205574E-01          3.4007227315E-01          3.3948004834E-01          3.4088105958E-01          4.3798152458E+02          4.4304228760E+02          2.0606390058E+00          2.0781530915E+00          6.5410093140E-01          -4.5266613828E-02         0.0000000000E+00          6.7991270483E-01          5.9344141733E+01          7.4058743314E-01          3.9524953230E+01          4.4882433989E+02          -1.0771872114E-01         
2024-12-12                09:09:13.276              346.38140366              8313.153688               347.38140366              1734023353.276            0                         963                       1.3999599049E+02          4.5001731873E+01          1.8577179177E+01          4.5015495300E+01          4.5005485535E+01          4.7000000000E+01          0.0000000000E+00          5.1591608013E+04          0.0000000000E+00          3.3198289410E-01          3.3604586175E-01          3.3563247957E-01          3.3690363601E-01          3.3584975090E-01          3.3991983406E-01          3.3948380833E-01          3.4087679482E-01          4.3814213229E+02          4.4321312822E+02          2.0605361626E+00          2.0780783509E+00          6.5517466686E-01          -2.6097683680E-02         0.0000000000E+00          6.6590066367E-01          5.9344141733E+01          7.2155164018E-01          3.9524953230E+01          4.4882433989E+02          -1.0771872114E-01         
2024-12-12                09:09:14.012              346.38141218              8313.153892               347.38141218              1734023354.012            0                         963                       1.3999599049E+02          4.5001731873E+01          1.8577179177E+01          4.5015495300E+01          4.5005485535E+01          4.7000000000E+01          0.0000000000E+00          5.1591608013E+04          0.0000000000E+00          3.3198975819E-01          3.3590065311E-01          3.3559012235E-01          3.3689939558E-01          3.3586149575E-01          3.3977452919E-01          3.3944168841E-01          3.4087208413E-01          4.3826263236E+02          4.4334131662E+02          2.0604589378E+00          2.0780222317E+00          6.5598111323E-01          -1.1674004989E-02         0.0000000000E+00          6.6590066367E-01          5.9344141733E+01          7.2155164018E-01          3.9524953230E+01          4.4882433989E+02          -1.0771872114E-01         
2024-12-12                09:09:14.576              346.38141872              8313.154049               347.38141872              1734023354.577            0                         963                       1.3999679712E+02          4.5001700101E+01          1.8621575342E+01          4.5015486939E+01          4.5005477174E+01          2.0000000000E+00          0.0000000000E+00          5.1591311858E+04          0.0000000000E+00          3.3256414212E-01          3.3576871687E-01          3.3556228565E-01          3.3689600626E-01          3.3644626970E-01          3.3964270095E-01          3.3941481553E-01          3.4086825297E-01          4.3835511827E+02          4.4343970704E+02          2.0603996570E+00          2.0779791529E+00          6.5660021957E-01          -5.9745903440E-04         0.0000000000E+00          6.6590066367E-01          5.9344141733E+01          7.2155164018E-01          3.9840453989E+01          4.4882433989E+02          -1.1438048196E-02         
2024-12-12                09:09:15.191              346.38142583              8313.154220               347.38142583              1734023355.192            0                         963                       1.3999287415E+02          4.5001152039E+01          1.8562500000E+01          4.5015342712E+01          4.5005332947E+01          4.6000000000E+01          0.0000000000E+00          5.1590222656E+04          0.0000000000E+00          3.3317387744E-01          3.3565691931E-01          3.3554162640E-01          3.3689328364E-01          3.3705609682E-01          3.3953105378E-01          3.3939515261E-01          3.4086509476E-01          4.3845578886E+02          4.4353231309E+02          2.0603351300E+00          2.0778823637E+00          6.5542432799E-01          8.8882791899E-03          0.0000000000E+00          6.6590066367E-01          5.9451425155E+01          7.2155164018E-01          3.9840453989E+01          4.4882433989E+02          -1.1438048196E-02         
2024-12-12                09:09:16.187              346.38143736              8313.154497               347.38143736              1734023356.188            0                         963                       1.3999458210E+02          4.5001152039E+01          1.8562500000E+01          4.5015342712E+01          4.5005332947E+01          4.7000000000E+01          0.0000000000E+00          5.1589972808E+04          0.0000000000E+00          3.3416041771E-01          3.3557458708E-01          3.3560238367E-01          3.3689640281E-01          3.3804276331E-01          3.3944892993E-01          3.3945832668E-01          3.4086754881E-01          4.3838176439E+02          4.4344258254E+02          2.0602308195E+00          2.0777260029E+00          6.5352704373E-01          2.4244664191E-02          0.0000000000E+00          6.7085051940E-01          5.9451425155E+01          7.4228258936E-01          3.9840453989E+01          4.4882433989E+02          -1.1438048196E-02         
2024-12-12                09:09:16.927              346.38144591              8313.154702               347.38144591              1734023356.927            0                         963                       1.3999458210E+02          4.5001152039E+01          1.8562500000E+01          4.5015342712E+01          4.5005332947E+01          4.7000000000E+01          0.0000000000E+00          5.1589972808E+04          0.0000000000E+00          3.3414801733E-01          3.3550240447E-01          3.3558547244E-01          3.3688995120E-01          3.3802178559E-01          3.3937684173E-01          3.3944162271E-01          3.4086086861E-01          4.3832686355E+02          4.4337603350E+02          2.0601534221E+00          2.0776099944E+00          6.5211946058E-01          3.5633349327E-02          0.0000000000E+00          6.7085051940E-01          5.9451425155E+01          7.4228258936E-01          3.9840453989E+01          4.4882433989E+02          -1.1438048196E-02         
2024-12-12                09:09:17.234              346.38144948              8313.154787               347.38144948              1734023357.235            0                         963                       1.3999478390E+02          4.5001152039E+01          1.8562500000E+01          4.5015342712E+01          4.5005332947E+01          2.5000000000E+01          0.0000000000E+00          5.1589463363E+04          0.0000000000E+00          3.3616220430E-01          3.3551739992E-01          3.3567726185E-01          3.3688356824E-01          3.4005578521E-01          3.3939227227E-01          3.3953538167E-01          3.4085397823E-01          4.3830391978E+02          4.4334823555E+02          2.0601211710E+00          2.0775616532E+00          6.5153284601E-01          4.0394186064E-02          0.0000000000E+00          6.7085051940E-01          5.9451425155E+01          7.4228258936E-01          3.9840453989E+01          4.4871311428E+02          -1.1438048196E-02         
2024-12-12                09:09:18.233              346.38146104              8313.155065               347.38146104              1734023358.234            0                         963                       1.3999622609E+02          4.5001152039E+01          1.8562500000E+01          4.5015342712E+01          4.5005332947E+01          4.7000000000E+01          0.0000000000E+00          5.1589067513E+04          0.0000000000E+00          3.4269524662E-01          3.3563278149E-01          3.3592606813E-01          3.3689253717E-01          3.4665279994E-01          3.3951008911E-01          3.3978834873E-01          3.4086260154E-01          4.3822950437E+02          4.4325808072E+02          2.0602273800E+00          2.0776174390E+00          6.4963031317E-01          5.5835733320E-02          0.0000000000E+00          6.8857873905E-01          5.9451425155E+01          7.6619472156E-01          3.9840453989E+01          4.4871311428E+02          -1.1438048196E-02         
2024-12-12                09:09:18.970              346.38146956              8313.155269               347.38146956              1734023358.970            0                         963                       1.3999622609E+02          4.5001152039E+01          1.8562500000E+01          4.5015342712E+01          4.5005332947E+01          4.7000000000E+01          0.0000000000E+00          5.1589067513E+04          0.0000000000E+00          3.4268290750E-01          3.3588198522E-01          3.3600463603E-01          3.3690801470E-01          3.4663170778E-01          3.3976247318E-01          3.3986792267E-01          3.4087780079E-01          4.3817482850E+02          4.4319181563E+02          2.0603056125E+00          2.0776585245E+00          6.4822878436E-01          6.7177995845E-02          0.0000000000E+00          6.8857873905E-01          5.9451425155E+01          7.6619472156E-01          3.9840453989E+01          4.4871311428E+02          -1.1438048196E-02         
2024-12-12                09:09:19.536              346.38147611              8313.155427               347.38147611              1734023359.536            0                         963                       1.3999806354E+02          4.5001152039E+01          1.8562500000E+01          4.5015342712E+01          4.5005332947E+01          2.0000000000E+00          0.0000000000E+00          5.1588820112E+04          0.0000000000E+00          3.3921411902E-01          3.3605050061E-01          3.3609838134E-01          3.3692248075E-01          3.4311639725E-01          3.3993306140E-01          3.3996328087E-01          3.4089195704E-01          4.3813288817E+02          4.4314096696E+02          2.0603657638E+00          2.0776901098E+00          6.4715105677E-01          7.5876001876E-02          0.0000000000E+00          6.8857873905E-01          5.9451425155E+01          7.6619472156E-01          3.9288901042E+01          4.4871311428E+02          6.4993892390E-02          
2024-12-12                09:09:20.150              346.38148322              8313.155597               347.38148322              1734023360.150            0                         963                       1.3999847412E+02          4.5001152039E+01          1.8562500000E+01          4.5015342712E+01          4.5005332947E+01          4.6000000000E+01          0.0000000000E+00          5.1588761719E+04          0.0000000000E+00          3.3546528401E-01          3.3606564061E-01          3.3614850782E-01          3.3693977709E-01          3.3932752886E-01          3.3994856338E-01          3.4001452620E-01          3.4090897666E-01          4.3808739079E+02          4.4309897777E+02          2.0604310163E+00          2.0777697564E+00          6.4766468543E-01          8.6297374628E-02          0.0000000000E+00          6.8857873905E-01          5.9402277156E+01          7.6619472156E-01          3.9288901042E+01          4.4871311428E+02          6.4993892390E-02          
2024-12-12                09:09:21.127              346.38149453              8313.155869               347.38149453              1734023361.127            0                         963                       1.3999726635E+02          4.5000386513E+01          1.8562500000E+01          4.5015397393E+01          4.5005250926E+01          4.7000000000E+01          0.0000000000E+00          5.1588026493E+04          0.0000000000E+00          3.2950280118E-01          3.3587078431E-01          3.3616439651E-01          3.3695897864E-01          3.3330111642E-01          3.3975171316E-01          3.4003165066E-01          3.4092764043E-01          4.3869595194E+02          4.4372063953E+02          2.0605342955E+00          2.0778954030E+00          6.4846216927E-01          1.0289681822E-01          0.0000000000E+00          6.6086963739E-01          5.9402277156E+01          7.1409575094E-01          3.9288901042E+01          4.4871311428E+02          6.4993892390E-02          
2024-12-12                09:09:21.867              346.38150309              8313.156074               347.38150309              1734023361.867            0                         963                       1.3999726635E+02          4.5000386513E+01          1.8562500000E+01          4.5015397393E+01          4.5005250926E+01          4.7000000000E+01          0.0000000000E+00          5.1588026493E+04          0.0000000000E+00          3.2950945251E-01          3.3556254856E-01          3.3608701344E-01          3.3694149149E-01          3.3331141292E-01          3.3944018551E-01          3.3995350836E-01          3.4090976196E-01          4.3915674937E+02          4.4419136976E+02          2.0606125359E+00          2.0779905875E+00          6.4906622932E-01          1.1550153391E-01          0.0000000000E+00          6.6086963739E-01          5.9402277156E+01          7.1409575094E-01          3.9288901042E+01          4.4871311428E+02          6.4993892390E-02          
2024-12-12                09:09:22.167              346.38150657              8313.156158               347.38150657              1734023362.168            0                         963                       1.3999714275E+02          4.5000297546E+01          1.8601315789E+01          4.5015403748E+01          4.5005241394E+01          2.5000000000E+01          0.0000000000E+00          5.1587346012E+04          0.0000000000E+00          3.3080666176E-01          3.3545446022E-01          3.3605401875E-01          3.3692736957E-01          3.3462504562E-01          3.3933075051E-01          3.3992074616E-01          3.4089498332E-01          4.3934414194E+02          4.4438280500E+02          2.0606443649E+00          2.0780293093E+00          6.4931194219E-01          1.2063773303E-01          0.0000000000E+00          6.6086963739E-01          5.9402277156E+01          7.1409575094E-01          3.9288901042E+01          4.4882573175E+02          6.4993892390E-02          
2024-12-12                09:09:23.142              346.38151786              8313.156429               347.38151786              1734023363.143            0                         963                       1.3999702195E+02          4.5000297546E+01          1.8597457627E+01          4.5015403748E+01          4.5005241394E+01          4.7000000000E+01          0.0000000000E+00          5.1587116724E+04          0.0000000000E+00          3.3500858498E-01          3.3507127894E-01          3.3610188214E-01          3.3692310011E-01          3.3888024639E-01          3.3894381527E-01          3.3997028764E-01          3.4089017162E-01          4.3995114442E+02          4.4500291394E+02          2.0607440838E+00          2.0781513294E+00          6.5010788100E-01          1.3727492700E-01          0.0000000000E+00          6.7180342458E-01          5.9402277156E+01          7.1465146219E-01          3.9288901042E+01          4.4882573175E+02          6.4993892390E-02          
2024-12-12                09:09:23.878              346.38152638              8313.156633               347.38152638              1734023363.879            0                         963                       1.3999702195E+02          4.5000297546E+01          1.8597457627E+01          4.5015403748E+01          4.5005241394E+01          4.7000000000E+01          0.0000000000E+00          5.1587116724E+04          0.0000000000E+00          3.3501519968E-01          3.3475296930E-01          3.3608924630E-01          3.3691803536E-01          3.3889054655E-01          3.3862216818E-01          3.3995773251E-01          3.4088455541E-01          4.4040945101E+02          4.4547112688E+02          2.0608193486E+00          2.0782434309E+00          6.5070873580E-01          1.4981151220E-01          0.0000000000E+00          6.7180342458E-01          5.9402277156E+01          7.1465146219E-01          3.9288901042E+01          4.4882573175E+02          6.4993892390E-02          
2024-12-12                09:09:24.438              346.38153286              8313.156789               347.38153286              1734023364.439            0                         963                       1.3999726465E+02          4.5000297546E+01          1.8562500000E+01          4.5015403748E+01          4.5005241394E+01          2.0000000000E+00          0.0000000000E+00          5.1586650029E+04          0.0000000000E+00          3.3488622152E-01          3.3443159556E-01          3.3611822286E-01          3.3691179751E-01          3.3876282162E-01          3.3829742525E-01          3.3998775346E-01          3.4087775853E-01          4.4075816668E+02          4.4582738671E+02          2.0608766148E+00          2.0783135090E+00          6.5116592252E-01          1.5934927153E-01          0.0000000000E+00          6.7180342458E-01          5.9402277156E+01          7.1465146219E-01          3.9527698171E+01          4.4882573175E+02          1.4843328499E-01          
2024-12-12                09:09:25.049              346.38153993              8313.156958               347.38153993              1734023365.050            0                         963                       1.3999640751E+02          4.5000895500E+01          1.8562500000E+01          4.5015421867E+01          4.5005313873E+01          4.6000000000E+01          0.0000000000E+00          5.1586092896E+04          0.0000000000E+00          3.3473689710E-01          3.3419244704E-01          3.3614544735E-01          3.3690379436E-01          3.3860826358E-01          3.3805572847E-01          3.4001595016E-01          3.4086916693E-01          4.4113863801E+02          4.4620756134E+02          2.0609390958E+00          2.0783607546E+00          6.5058187355E-01          1.5221413430E-01          0.0000000000E+00          6.7180342458E-01          5.9809402660E+01          7.1465146219E-01          3.9527698171E+01          4.4882573175E+02          1.4843328499E-01          
2024-12-12                09:09:26.045              346.38155145              8313.157235               347.38155145              1734023366.045            0                         963                       1.3999713593E+02          4.5001304626E+01          1.8562500000E+01          4.5015434265E+01          4.5005363464E+01          4.7000000000E+01          0.0000000000E+00          5.1585546676E+04          0.0000000000E+00          3.3448698426E-01          3.3404386318E-01          3.3612155144E-01          3.3689830322E-01          3.3835005604E-01          3.3790556774E-01          3.3999280620E-01          3.4086277170E-01          4.4004748566E+02          4.4509698504E+02          2.0610422288E+00          2.0784404330E+00          6.4968064850E-01          1.4055226133E-01          0.0000000000E+00          6.7163354972E-01          5.9809402660E+01          7.4496627963E-01          3.9527698171E+01          4.4882573175E+02          1.4843328499E-01          
2024-12-12                09:09:26.779              346.38155994              8313.157439               347.38155994              1734023366.779            0                         963                       1.3999713593E+02          4.5001304626E+01          1.8562500000E+01          4.5015434265E+01          4.5005363464E+01          4.7000000000E+01          0.0000000000E+00          5.1585546676E+04          0.0000000000E+00          3.3447827634E-01          3.3404725705E-01          3.3610244359E-01          3.3689262241E-01          3.3833726102E-01          3.3790912380E-01          3.3997355568E-01          3.4085684327E-01          4.3924254977E+02          4.4427774282E+02          2.0611183094E+00          2.0784992111E+00          6.4901585700E-01          1.3195067342E-01          0.0000000000E+00          6.7163354972E-01          5.9809402660E+01          7.4496627963E-01          3.9527698171E+01          4.4882573175E+02          1.4843328499E-01          
2024-12-12                09:09:27.088              346.38156352              8313.157524               347.38156352              1734023367.088            0                         963                       1.3999759570E+02          4.5001304626E+01          1.8562500000E+01          4.5015434265E+01          4.5005363464E+01          2.5000000000E+01          0.0000000000E+00          5.1585390789E+04          0.0000000000E+00          3.3717597163E-01          3.3411836420E-01          3.3604372354E-01          3.3691573592E-01          3.4106438602E-01          3.3798083431E-01          3.3991460241E-01          3.4087971809E-01          4.3890360387E+02          4.4393277903E+02          2.0611503467E+00          2.0785239644E+00          6.4873600261E-01          1.2834865446E-01          0.0000000000E+00          6.7163354972E-01          5.9809402660E+01          7.4496627963E-01          3.9527698171E+01          4.4893438528E+02          1.4843328499E-01          
2024-12-12                09:09:28.085              346.38157506              8313.157801               347.38157506              1734023368.085            0                         963                       1.3999939275E+02          4.5001304626E+01          1.8562500000E+01          4.5015434265E+01          4.5005363464E+01          4.7000000000E+01          0.0000000000E+00          5.1585467624E+04          0.0000000000E+00          3.4588017957E-01          3.3440873372E-01          3.3601369494E-01          3.3695928440E-01          3.4986336565E-01          3.3827494830E-01          3.3988490165E-01          3.4092325046E-01          4.3780998097E+02          4.4281976229E+02          2.0611564893E+00          2.0785057968E+00          6.4783306928E-01          1.1672672503E-01          0.0000000000E+00          6.9422139762E-01          5.9809402660E+01          7.4047285276E-01          3.9527698171E+01          4.4893438528E+02          1.4843328499E-01          
2024-12-12                09:09:28.825              346.38158363              8313.158007               347.38158363              1734023368.826            0                         963                       1.3999939275E+02          4.5001304626E+01          1.8562500000E+01          4.5015434265E+01          4.5005363464E+01          4.7000000000E+01          0.0000000000E+00          5.1585467624E+04          0.0000000000E+00          3.4587138363E-01          3.3478826427E-01          3.3612831922E-01          3.3699153372E-01          3.4985030744E-01          3.3865886926E-01          3.4000077846E-01          3.4095533627E-01          4.3699736761E+02          4.4199275994E+02          2.0611610336E+00          2.0784922739E+00          6.4716200946E-01          1.0804319393E-01          0.0000000000E+00          6.9422139762E-01          5.9809402660E+01          7.4047285276E-01          3.9527698171E+01          4.4893438528E+02          1.4843328499E-01          
2024-12-12                09:09:29.388              346.38159014              8313.158163               347.38159014              1734023369.388            0                         963                       1.3999646979E+02          4.5001310375E+01          1.8562500000E+01          4.5015428517E+01          4.5005374961E+01          2.0000000000E+00          0.0000000000E+00          5.1584774735E+04          0.0000000000E+00          3.4235517665E-01          3.3508607908E-01          3.3612905227E-01          3.3700283275E-01          3.4629052968E-01          3.3896011911E-01          3.4000169773E-01          3.4096621576E-01          4.3638116170E+02          4.4136565513E+02          2.0611644689E+00          2.0784820067E+00          6.4665307002E-01          1.0143250859E-01          0.0000000000E+00          6.9422139762E-01          5.9809402660E+01          7.4047285276E-01          3.9256884237E+01          4.4893438528E+02          9.0572607696E-02          
2024-12-12                09:09:29.999              346.38159721              8313.158333               347.38159721              1734023369.999            0                         963                       1.3999855042E+02          4.5001335144E+01          1.8562500000E+01          4.5015403748E+01          4.5005424500E+01          4.6000000000E+01          0.0000000000E+00          5.1584847656E+04          0.0000000000E+00          3.3855007652E-01          3.3529005894E-01          3.3608548823E-01          3.3698561738E-01          3.4245037625E-01          3.3916670120E-01          3.3995786945E-01          3.4094826182E-01          4.3571122394E+02          4.4069932421E+02          2.0611682026E+00          2.0785243664E+00          6.4808358597E-01          5.9756863130E-02          0.0000000000E+00          6.9422139762E-01          5.9085234902E+01          7.4047285276E-01          3.9256884237E+01          4.4893438528E+02          9.0572607696E-02          
2024-12-12                09:09:30.989              346.38160867              8313.158608               347.38160867              1734023370.989            0                         963                       1.4000140924E+02          4.5001335144E+01          1.8583686441E+01          4.5015403748E+01          4.5005424500E+01          4.7000000000E+01          0.0000000000E+00          5.1585315215E+04          0.0000000000E+00          3.3239299226E-01          3.3534467216E-01          3.3596247286E-01          3.3693446774E-01          3.3623581369E-01          3.3922243982E-01          3.3983400628E-01          3.4089566520E-01          4.3673102670E+02          4.4174822421E+02          2.0611725490E+00          2.0785896390E+00          6.5034036819E-01          -7.7177077707E-03         0.0000000000E+00          6.6592357040E-01          5.9085234902E+01          6.9034845280E-01          3.9256884237E+01          4.4893438528E+02          9.0572607696E-02          
2024-12-12                09:09:31.726              346.38161720              8313.158813               347.38161720              1734023371.726            0                         963                       1.4000140924E+02          4.5001335144E+01          1.8583686441E+01          4.5015403748E+01          4.5005424500E+01          4.7000000000E+01          0.0000000000E+00          5.1585315215E+04          0.0000000000E+00          3.3241175030E-01          3.3539025032E-01          3.3592118539E-01          3.3692385104E-01          3.3626480277E-01          3.3926916620E-01          3.3979250392E-01          3.4088479463E-01          4.3749007138E+02          4.4252898361E+02          2.0611757996E+00          2.0786382536E+00          6.5202062192E-01          -5.7916260883E-02         0.0000000000E+00          6.6592357040E-01          5.9085234902E+01          6.9034845280E-01          3.9256884237E+01          4.4893438528E+02          9.0572607696E-02          
2024-12-12                09:09:32.019              346.38162059              8313.158894               347.38162059              1734023372.019            0                         963                       1.3999972534E+02          4.5001335144E+01          1.8625000000E+01          4.5015403748E+01          4.5005424500E+01          2.5000000000E+01          0.0000000000E+00          5.1585117188E+04          0.0000000000E+00          3.3334878052E-01          3.3534385328E-01          3.3589875568E-01          3.3690088022E-01          3.3721668618E-01          3.3922251893E-01          3.3977031953E-01          3.4086109178E-01          4.3779180676E+02          4.4283936458E+02          2.0611770949E+00          2.0786575856E+00          6.5268866809E-01          -7.7866512948E-02         0.0000000000E+00          6.6592357040E-01          5.9085234902E+01          6.9034845280E-01          3.9256884237E+01          4.4893994411E+02          9.0572607696E-02          
2024-12-12                09:09:32.994              346.38163189              8313.159165               347.38163189              1734023372.995            0                         963                       1.3999898634E+02          4.5001335144E+01          1.8593976998E+01          4.5015403748E+01          4.5005424500E+01          4.7000000000E+01          0.0000000000E+00          5.1585007652E+04          0.0000000000E+00          3.3647007315E-01          3.3557286735E-01          3.3591101201E-01          3.3688523527E-01          3.4038761910E-01          3.3945544693E-01          3.3978357468E-01          3.4084483276E-01          4.3879690229E+02          4.4387331251E+02          2.0609937679E+00          2.0785327713E+00          6.5491415426E-01          -1.4432173078E-01         0.0000000000E+00          6.7631211968E-01          5.9085234902E+01          7.7405740331E-01          3.9256884237E+01          4.4893994411E+02          9.0572607696E-02          
2024-12-12                09:09:33.732              346.38164042              8313.159370               347.38164042              1734023373.732            0                         963                       1.3999898634E+02          4.5001335144E+01          1.8593976998E+01          4.5015403748E+01          4.5005424500E+01          4.7000000000E+01          0.0000000000E+00          5.1585007652E+04          0.0000000000E+00          3.3648882806E-01          3.3560980139E-01          3.3591773080E-01          3.3687415928E-01          3.4041673337E-01          3.3949385738E-01          3.3979093699E-01          3.4083322324E-01          4.3955594504E+02          4.4465419778E+02          2.0608553259E+00          2.0784385140E+00          6.5659486760E-01          -1.9452011070E-01         0.0000000000E+00          6.7631211968E-01          5.9085234902E+01          7.7405740331E-01          3.9256884237E+01          4.4893994411E+02          9.0572607696E-02          
2024-12-12                09:09:34.299              346.38164699              8313.159528               347.38164699              1734023374.300            0                         963                       1.3999874878E+02          4.5001335144E+01          1.8562500000E+01          4.5015403748E+01          4.5005424500E+01          2.0000000000E+00          0.0000000000E+00          5.1584843750E+04          0.0000000000E+00          3.3486458583E-01          3.3560886858E-01          3.3587732657E-01          3.3686410974E-01          3.3878131157E-01          3.3949405874E-01          3.3975091419E-01          3.4082267334E-01          4.4014098372E+02          4.4525610295E+02          2.0607486245E+00          2.0783658654E+00          6.5789029575E-01          -2.3321917786E-01         0.0000000000E+00          6.7631211968E-01          5.9085234902E+01          7.7405740331E-01          3.9918508103E+01          4.4893994411E+02          -2.4411986770E-01         
2024-12-12                09:09:34.913              346.38165409              8313.159698               347.38165409              1734023374.913            0                         963                       1.3999696350E+02          4.5002128601E+01          1.8562500000E+01          4.5015403748E+01          4.5005424500E+01          4.6000000000E+01          0.0000000000E+00          5.1584355469E+04          0.0000000000E+00          3.3309349228E-01          3.3555676520E-01          3.3581631831E-01          3.3685779076E-01          3.3698607973E-01          3.3944235042E-01          3.3968999820E-01          3.4081589374E-01          4.4077238112E+02          4.4589020542E+02          2.0606334712E+00          2.0782342727E+00          6.5731696283E-01          -2.1998585140E-01         0.0000000000E+00          6.7631211968E-01          5.9760533923E+01          7.7405740331E-01          3.9918508103E+01          4.4893994411E+02          -2.4411986770E-01         
2024-12-12                09:09:35.890              346.38166539              8313.159969               347.38166539              1734023375.890            0                         963                       1.3999744532E+02          4.5002128601E+01          1.8593825666E+01          4.5015403748E+01          4.5005424500E+01          4.7000000000E+01          0.0000000000E+00          5.1584210588E+04          0.0000000000E+00          3.3026579432E-01          3.3542769575E-01          3.3571706501E-01          3.3684727742E-01          3.3412014415E-01          3.3931263869E-01          3.3959056116E-01          3.4080452126E-01          4.4052811636E+02          4.4563624352E+02          2.0604509517E+00          2.0780265487E+00          6.5643967561E-01          -1.9892560159E-01         0.0000000000E+00          6.6181161322E-01          5.9760533923E+01          6.9966743147E-01          3.9918508103E+01          4.4893994411E+02          -2.4411986770E-01         
2024-12-12                09:09:36.634              346.38167402              8313.160176               347.38167402              1734023376.635            0                         963                       1.3999744532E+02          4.5002128601E+01          1.8593825666E+01          4.5015403748E+01          4.5005424500E+01          4.7000000000E+01          0.0000000000E+00          5.1584210588E+04          0.0000000000E+00          3.3025891495E-01          3.3528096875E-01          3.3565359815E-01          3.3683181178E-01          3.3410922302E-01          3.3916494296E-01          3.3952682467E-01          3.4078880460E-01          4.4034178888E+02          4.4544252630E+02          2.0603117806E+00          2.0778681622E+00          6.5577074355E-01          -1.8285116731E-01         0.0000000000E+00          6.6181161322E-01          5.9760533923E+01          6.9966743147E-01          3.9918508103E+01          4.4893994411E+02          -2.4411986770E-01         
2024-12-12                09:09:36.937              346.38167751              8313.160260               347.38167751              1734023376.937            0                         963                       1.3999725952E+02          4.5002128601E+01          1.8625000000E+01          4.5015403748E+01          4.5005424500E+01          2.5000000000E+01          0.0000000000E+00          5.1583797656E+04          0.0000000000E+00          3.3216057928E-01          3.3521005081E-01          3.3561270304E-01          3.3682306212E-01          3.3603144078E-01          3.3909372700E-01          3.3948617698E-01          3.4077954116E-01          4.4026619878E+02          4.4536394132E+02          2.0602553710E+00          2.0778039644E+00          6.5549958838E-01          -1.7632163269E-01         0.0000000000E+00          6.6181161322E-01          5.9760533923E+01          6.9966743147E-01          3.9918508103E+01          4.4874229903E+02          -2.4411986770E-01         
2024-12-12                09:09:37.934              346.38168906              8313.160537               347.38168906              1734023377.935            0                         963                       1.3999645845E+02          4.5002128601E+01          1.8625000000E+01          4.5015403748E+01          4.5005424500E+01          4.7000000000E+01          0.0000000000E+00          5.1583327794E+04          0.0000000000E+00          3.3844490106E-01          3.3525534940E-01          3.3565795240E-01          3.3682906841E-01          3.4238355317E-01          3.3914024940E-01          3.3953297590E-01          3.4078519311E-01          4.4001640393E+02          4.4510425513E+02          2.0602831337E+00          2.0778077918E+00          6.5460356261E-01          -1.5474416081E-01         0.0000000000E+00          6.7926250284E-01          5.9760533923E+01          7.3980834255E-01          3.9918508103E+01          4.4874229903E+02          -2.4411986770E-01         
2024-12-12                09:09:38.674              346.38169762              8313.160743               347.38169762              1734023378.674            0                         963                       1.3999645845E+02          4.5002128601E+01          1.8625000000E+01          4.5015403748E+01          4.5005424500E+01          4.7000000000E+01          0.0000000000E+00          5.1583327794E+04          0.0000000000E+00          3.3843808785E-01          3.3544013963E-01          3.3569027955E-01          3.3683383962E-01          3.4237263448E-01          3.3932760351E-01          3.3956599518E-01          3.4078958572E-01          4.3983157921E+02          4.4491211312E+02          2.0603036763E+00          2.0778106114E+00          6.5394010037E-01          -1.3879937886E-01         0.0000000000E+00          6.7926250284E-01          5.9760533923E+01          7.3980834255E-01          3.9918508103E+01          4.4874229903E+02          -2.4411986770E-01         
2024-12-12                09:09:39.239              346.38170416              8313.160900               347.38170416              1734023379.239            0                         963                       1.3999703499E+02          4.5002128601E+01          1.8625000000E+01          4.5015403748E+01          4.5005424500E+01          2.0000000000E+00          0.0000000000E+00          5.1583039785E+04          0.0000000000E+00          3.3611682573E-01          3.3557092624E-01          3.3575273226E-01          3.3683181551E-01          3.4002133170E-01          3.3946023295E-01          3.3962981856E-01          3.4078709137E-01          4.3969034346E+02          4.4476528689E+02          2.0603193746E+00          2.0778127599E+00          6.5343286874E-01          -1.2662521191E-01         0.0000000000E+00          6.7926250284E-01          5.9760533923E+01          7.3980834255E-01          3.9657864555E+01          4.4874229903E+02          -1.3752410319E-01         
2024-12-12                09:09:39.908              346.38171191              8313.161086               347.38171191              1734023379.909            0                         963                       1.3999737549E+02          4.5002128601E+01          1.8625000000E+01          4.5015403748E+01          4.5005424500E+01          4.6000000000E+01          0.0000000000E+00          5.1582773438E+04          0.0000000000E+00          3.3336530901E-01          3.3558739228E-01          3.3578322798E-01          3.3682120039E-01          3.3723490169E-01          3.3947713037E-01          3.3966130652E-01          3.4077589108E-01          4.3952285914E+02          4.4459202036E+02          2.0603379900E+00          2.0778182056E+00          6.5293882518E-01          -1.2003958210E-01         0.0000000000E+00          6.7926250284E-01          5.9593808697E+01          7.3980834255E-01          3.9657864555E+01          4.4874229903E+02          -1.3752410319E-01         
2024-12-12                09:09:40.913              346.38172353              8313.161365               347.38172353              1734023380.913            0                         963                       1.3999706872E+02          4.5002875506E+01          1.8570369249E+01          4.5015323722E+01          4.5005291124E+01          4.7000000000E+01          0.0000000000E+00          5.1582336391E+04          0.0000000000E+00          3.2924133111E-01          3.3545310278E-01          3.3576305048E-01          3.3680331073E-01          3.3305872344E-01          3.3934132745E-01          3.3964194150E-01          3.4075695357E-01          4.3906639355E+02          4.4412461333E+02          2.0603660516E+00          2.0778266959E+00          6.5220451272E-01          -1.1017606681E-01         0.0000000000E+00          6.6049801417E-01          5.9593808697E+01          7.2206684710E-01          3.9657864555E+01          4.4874229903E+02          -1.3752410319E-01         
2024-12-12                09:09:41.647              346.38173203              8313.161569               347.38173203              1734023381.647            0                         963                       1.3999706872E+02          4.5002875506E+01          1.8570369249E+01          4.5015323722E+01          4.5005291124E+01          4.7000000000E+01          0.0000000000E+00          5.1582336391E+04          0.0000000000E+00          3.2923521089E-01          3.3523217809E-01          3.3568714537E-01          3.3678554524E-01          3.3304936339E-01          3.3911766101E-01          3.3956528362E-01          3.4073886063E-01          4.3873258993E+02          4.4378281737E+02          2.0603865765E+00          2.0778329132E+00          6.5166769783E-01          -1.0294383277E-01         0.0000000000E+00          6.6049801417E-01          5.9593808697E+01          7.2206684710E-01          3.9657864555E+01          4.4874229903E+02          -1.3752410319E-01         
2024-12-12                09:09:41.954              346.38173559              8313.161654               347.38173559              1734023381.955            0                         963                       1.3999633789E+02          4.5002983093E+01          1.8625000000E+01          4.5015312195E+01          4.5005271912E+01          2.5000000000E+01          0.0000000000E+00          5.1581730469E+04          0.0000000000E+00          3.3038971847E-01          3.3512212218E-01          3.3560731057E-01          3.3678933286E-01          3.3421591028E-01          3.3900625758E-01          3.3948505125E-01          3.4074220777E-01          4.3859248409E+02          4.4363935934E+02          2.0603951929E+00          2.0778355260E+00          6.5144244648E-01          -9.9900878467E-02         0.0000000000E+00          6.6049801417E-01          5.9593808697E+01          7.2206684710E-01          3.9657864555E+01          4.4877205619E+02          -1.3752410319E-01         
2024-12-12                09:09:42.953              346.38174715              8313.161932               347.38174715              1734023382.954            0                         963                       1.3999609150E+02          4.5002983093E+01          1.8625000000E+01          4.5015312195E+01          4.5005271912E+01          4.7000000000E+01          0.0000000000E+00          5.1581171648E+04          0.0000000000E+00          3.3413436891E-01          3.3496800650E-01          3.3554839342E-01          3.3680189926E-01          3.3799954625E-01          3.3884962640E-01          3.3942631822E-01          3.4075441995E-01          4.3813804934E+02          4.4317405963E+02          2.0603833646E+00          2.0778038936E+00          6.5071186137E-01          -9.0030987817E-02         0.0000000000E+00          6.7008144201E-01          5.9593808697E+01          7.1554229258E-01          3.9657864555E+01          4.4877205619E+02          -1.3752410319E-01         
2024-12-12                09:09:43.688              346.38175566              8313.162136               347.38175566              1734023383.689            0                         963                       1.3999609150E+02          4.5002983093E+01          1.8625000000E+01          4.5015312195E+01          4.5005271912E+01          4.7000000000E+01          0.0000000000E+00          5.1581171648E+04          0.0000000000E+00          3.3412823878E-01          3.3501789824E-01          3.3550009353E-01          3.3682574094E-01          3.3799012528E-01          3.3889940255E-01          3.3937785375E-01          3.4077764579E-01          4.3780379055E+02          4.4283181575E+02          2.0603746532E+00          2.0777806124E+00          6.5017436234E-01          -8.2788864834E-02         0.0000000000E+00          6.7008144201E-01          5.9593808697E+01          7.1554229258E-01          3.9657864555E+01          4.4877205619E+02          -1.3752410319E-01         
2024-12-12                09:09:44.253              346.38176219              8313.162293               347.38176219              1734023384.253            0                         963                       1.3999407039E+02          4.5002983093E+01          1.8625000000E+01          4.5015312195E+01          4.5005271912E+01          2.0000000000E+00          0.0000000000E+00          5.1579880619E+04          0.0000000000E+00          3.3479673702E-01          3.3508317682E-01          3.3549191496E-01          3.3682097802E-01          3.3866387376E-01          3.3896457413E-01          3.3936955166E-01          3.4077268388E-01          4.3754727734E+02          4.4256917941E+02          2.0603679707E+00          2.0777627504E+00          6.4976192656E-01          -7.7226887669E-02         0.0000000000E+00          6.7008144201E-01          5.9593808697E+01          7.1554229258E-01          3.9440107981E+01          4.4877205619E+02          -8.8063264016E-02         
2024-12-12                09:09:44.865              346.38176927              8313.162463               347.38176927              1734023384.865            0                         963                       1.3999391174E+02          4.5002983093E+01          1.8625000000E+01          4.5015312195E+01          4.5005271912E+01          4.6000000000E+01          0.0000000000E+00          5.1579820312E+04          0.0000000000E+00          3.3552611637E-01          3.3515205994E-01          3.3546038841E-01          3.3682738280E-01          3.3940186659E-01          3.3903330894E-01          3.3933800494E-01          3.4077863311E-01          4.3726893332E+02          4.4228793786E+02          2.0603607195E+00          2.0777562879E+00          6.4979340897E-01          -6.9732185249E-02         0.0000000000E+00          6.7008144201E-01          5.9293073126E+01          7.1554229258E-01          3.9440107981E+01          4.4877205619E+02          -8.8063264016E-02         
2024-12-12                09:09:45.836              346.38178052              8313.162732               347.38178052              1734023385.837            0                         963                       1.3999324756E+02          4.5001731873E+01          1.8625000000E+01          4.5015312195E+01          4.5005332947E+01          4.7000000000E+01          0.0000000000E+00          5.1578913363E+04          0.0000000000E+00          3.3668872437E-01          3.3523380057E-01          3.3541882648E-01          3.3684761334E-01          3.4057801817E-01          3.3911521409E-01          3.3929665211E-01          3.4079817148E-01          4.3788817301E+02          4.4291432059E+02          2.0603483443E+00          2.0777443242E+00          6.4981248947E-01          -5.7802493100E-02         0.0000000000E+00          6.7634884383E-01          5.9293073126E+01          7.5659150467E-01          3.9440107981E+01          4.4877205619E+02          -8.8063264016E-02         
2024-12-12                09:09:46.571              346.38178902              8313.162936               347.38178902              1734023386.571            0                         963                       1.3999324756E+02          4.5001731873E+01          1.8625000000E+01          4.5015312195E+01          4.5005332947E+01          4.7000000000E+01          0.0000000000E+00          5.1578913363E+04          0.0000000000E+00          3.3669054322E-01          3.3529264069E-01          3.3543361389E-01          3.3684724463E-01          3.4057994500E-01          3.3917421831E-01          3.3931157412E-01          3.4079765921E-01          4.3835581516E+02          4.4338735735E+02          2.0603389963E+00          2.0777352870E+00          6.4982689732E-01          -4.8800047150E-02         0.0000000000E+00          6.7634884383E-01          5.9293073126E+01          7.5659150467E-01          3.9440107981E+01          4.4877205619E+02          -8.8063264016E-02         
2024-12-12                09:09:46.877              346.38179256              8313.163021               347.38179256              1734023386.877            0                         963                       1.3999328613E+02          4.5001731873E+01          1.8625000000E+01          4.5015312195E+01          4.5005332947E+01          2.5000000000E+01          0.0000000000E+00          5.1578710938E+04          0.0000000000E+00          3.3765345613E-01          3.3534629559E-01          3.3543828350E-01          3.3686531120E-01          3.4155401673E-01          3.3922830464E-01          3.3931660248E-01          3.4081540112E-01          4.3855074259E+02          4.4358453350E+02          2.0603351024E+00          2.0777315225E+00          6.4983290462E-01          -4.5040186099E-02         0.0000000000E+00          6.7634884383E-01          5.9293073126E+01          7.5659150467E-01          3.9440107981E+01          4.4875913020E+02          -8.8063264016E-02         
2024-12-12                09:09:47.872              346.38180409              8313.163298               347.38180409              1734023387.873            0                         963                       1.3999355185E+02          4.5001731873E+01          1.8625000000E+01          4.5015312195E+01          4.5005332947E+01          4.7000000000E+01          0.0000000000E+00          5.1577803609E+04          0.0000000000E+00          3.4078764877E-01          3.3548173100E-01          3.3547327989E-01          3.3689073270E-01          3.4472453176E-01          3.3936493872E-01          3.3935262820E-01          3.4084057997E-01          4.3918521344E+02          4.4422632405E+02          2.0604096248E+00          2.0778071934E+00          6.4985246250E-01          -3.2802313546E-02         0.0000000000E+00          6.8358480563E-01          5.9293073126E+01          7.2460024095E-01          3.9440107981E+01          4.4875913020E+02          -8.8063264016E-02         
2024-12-12                09:09:48.609              346.38181262              8313.163503               347.38181262              1734023388.610            0                         963                       1.3999355185E+02          4.5001731873E+01          1.8625000000E+01          4.5015312195E+01          4.5005332947E+01          4.7000000000E+01          0.0000000000E+00          5.1577803609E+04          0.0000000000E+00          3.4078947912E-01          3.3543741083E-01          3.3557707203E-01          3.3693226084E-01          3.4472647167E-01          3.3932014039E-01          3.3945789030E-01          3.4088165299E-01          4.3965476781E+02          4.4470129578E+02          2.0604647609E+00          2.0778631792E+00          6.4986693274E-01          -2.3763151705E-02         0.0000000000E+00          6.8358480563E-01          5.9293073126E+01          7.2460024095E-01          3.9440107981E+01          4.4875913020E+02          -8.8063264016E-02         
2024-12-12                09:09:49.176              346.38181917              8313.163660               347.38181917              1734023389.176            0                         963                       1.3999426270E+02          4.5001731873E+01          1.8625000000E+01          4.5015312195E+01          4.5005332947E+01          2.0000000000E+00          0.0000000000E+00          5.1577183594E+04          0.0000000000E+00          3.3952478869E-01          3.3536396621E-01          3.3562297571E-01          3.3693834659E-01          3.4344723973E-01          3.3924608299E-01          3.3950427809E-01          3.4088767549E-01          4.4001541439E+02          4.4506610336E+02          2.0605071001E+00          2.0779061709E+00          6.4987804458E-01          -1.6830216788E-02         0.0000000000E+00          6.8358480563E-01          5.9293073126E+01          7.2460024095E-01          3.9451134184E+01          4.4875913020E+02          -2.7761017565E-02         
2024-12-12                09:09:49.792              346.38182630              8313.163831               347.38182630              1734023389.792            0                         963                       1.3999682617E+02          4.5001335144E+01          1.8625000000E+01          4.5015403748E+01          4.5005027771E+01          4.6000000000E+01          0.0000000000E+00          5.1576875000E+04          0.0000000000E+00          3.3814715445E-01          3.3533915308E-01          3.3569482684E-01          3.3695725035E-01          3.4205328526E-01          3.3922135946E-01          3.3957721043E-01          3.4090628117E-01          4.4040792315E+02          4.4546251866E+02          2.0605531801E+00          2.0779508279E+00          6.4981105339E-01          1.0037966990E-02          0.0000000000E+00          6.8358480563E-01          5.9711920271E+01          7.2460024095E-01          3.9451134184E+01          4.4875913020E+02          -2.7761017565E-02         
2024-12-12                09:09:50.779              346.38183772              8313.164105               347.38183772              1734023390.779            0                         963                       1.3999848509E+02          4.5001335144E+01          1.8625000000E+01          4.5015403748E+01          4.5005027771E+01          4.7000000000E+01          0.0000000000E+00          5.1576710569E+04          0.0000000000E+00          3.3593620818E-01          3.3535010480E-01          3.3568229918E-01          3.3698789816E-01          3.3981631518E-01          3.3923272658E-01          3.3956505638E-01          3.4093640639E-01          4.4012306634E+02          4.4517380989E+02          2.0606277522E+00          2.0780238441E+00          6.4973033783E-01          5.3065446016E-02          0.0000000000E+00          6.7418571765E-01          5.9711920271E+01          7.3353853774E-01          3.9451134184E+01          4.4875913020E+02          -2.7761017565E-02         
2024-12-12                09:09:51.520              346.38184631              8313.164311               347.38184631              1734023391.521            0                         963                       1.3999848509E+02          4.5001335144E+01          1.8625000000E+01          4.5015403748E+01          4.5005027771E+01          4.7000000000E+01          0.0000000000E+00          5.1576710569E+04          0.0000000000E+00          3.3593387223E-01          3.3549966459E-01          3.3560194957E-01          3.3698542393E-01          3.3981358680E-01          3.3938417938E-01          3.3948395620E-01          3.4093377066E-01          4.3990886752E+02          4.4495671524E+02          2.0606838189E+00          2.0780787411E+00          6.4966965961E-01          8.5424071810E-02          0.0000000000E+00          6.7418571765E-01          5.9711920271E+01          7.3353853774E-01          3.9451134184E+01          4.4875913020E+02          -2.7761017565E-02         
2024-12-12                09:09:51.823              346.38184981              8313.164396               347.38184981              1734023391.824            0                         963                       1.3999903870E+02          4.5001335144E+01          1.8625000000E+01          4.5015403748E+01          4.5005027771E+01          2.5000000000E+01          0.0000000000E+00          5.1576531867E+04          0.0000000000E+00          3.3751669871E-01          3.3554550628E-01          3.3562421409E-01          3.3700600444E-01          3.4141454187E-01          3.3943032398E-01          3.3950640487E-01          3.4095410195E-01          4.3982134939E+02          4.4486801416E+02          2.0607067191E+00          2.0781011637E+00          6.4964488261E-01          9.8649093800E-02          0.0000000000E+00          6.7418571765E-01          5.9711920271E+01          7.3353853774E-01          3.9451134184E+01          4.4883921005E+02          -2.7761017565E-02         
2024-12-12                09:09:52.803              346.38186116              8313.164668               347.38186116              1734023392.804            0                         963                       1.4000030470E+02          4.5001335144E+01          1.8625000000E+01          4.5015403748E+01          4.5005027771E+01          4.7000000000E+01          0.0000000000E+00          5.1576546648E+04          0.0000000000E+00          3.4263606251E-01          3.3596098196E-01          3.3552210157E-01          3.3703861277E-01          3.4659252960E-01          3.3985093782E-01          3.3940346043E-01          3.4098660957E-01          4.3953828550E+02          4.4458112471E+02          2.0606378013E+00          2.0780295100E+00          6.4956473837E-01          1.4142326705E-01          0.0000000000E+00          6.8781854077E-01          5.9711920271E+01          7.4375897168E-01          3.9451134184E+01          4.4883921005E+02          -2.7761017565E-02         
2024-12-12                09:09:53.542              346.38186970              8313.164873               347.38186970              1734023393.542            0                         963                       1.4000030470E+02          4.5001335144E+01          1.8625000000E+01          4.5015403748E+01          4.5005027771E+01          4.7000000000E+01          0.0000000000E+00          5.1576546648E+04          0.0000000000E+00          3.4263373249E-01          3.3613831098E-01          3.3545070414E-01          3.3707159451E-01          3.4658980192E-01          3.4003022981E-01          3.3933132432E-01          3.4101914759E-01          4.3932523993E+02          4.4436520011E+02          2.0605858895E+00          2.0779755379E+00          6.4950438207E-01          1.7360758439E-01          0.0000000000E+00          6.8781854077E-01          5.9711920271E+01          7.4375897168E-01          3.9451134184E+01          4.4883921005E+02          -2.7761017565E-02         
2024-12-12                09:09:54.130              346.38187650              8313.165036               347.38187650              1734023394.130            0                         963                       1.3999801218E+02          4.5001335144E+01          1.8625000000E+01          4.5015403748E+01          4.5005027771E+01          2.0000000000E+00          0.0000000000E+00          5.1576222014E+04          0.0000000000E+00          3.4030489885E-01          3.3626132724E-01          3.3550714827E-01          3.3707918442E-01          3.4423378834E-01          3.4015449125E-01          3.3938832971E-01          3.4102669370E-01          4.3915556802E+02          4.4419323545E+02          2.0605445214E+00          2.0779325281E+00          6.4945629165E-01          1.9923393341E-01          0.0000000000E+00          6.8781854077E-01          5.9711920271E+01          7.4375897168E-01          3.9425266021E+01          4.4883921005E+02          1.8831898232E-01          
2024-12-12                09:09:54.747              346.38188366              8313.165208               347.38188366              1734023394.748            0                         963                       1.3999661255E+02          4.5001060486E+01          1.8625000000E+01          4.5015190125E+01          4.5004936218E+01          4.6000000000E+01          0.0000000000E+00          5.1575925781E+04          0.0000000000E+00          3.3786166714E-01          3.3633052364E-01          3.3538105960E-01          3.3707683546E-01          3.4176430290E-01          3.4022429314E-01          3.3926085919E-01          3.4102382658E-01          4.3897723254E+02          4.4401541348E+02          2.0605010412E+00          2.0778973752E+00          6.4977844745E-01          1.8153852476E-01          0.0000000000E+00          6.8781854077E-01          5.9521017381E+01          7.4375897168E-01          3.9425266021E+01          4.4883921005E+02          1.8831898232E-01          
2024-12-12                09:09:55.746              346.38189522              8313.165485               347.38189522              1734023395.747            0                         963                       1.3999837961E+02          4.5001060486E+01          1.8625000000E+01          4.5015190125E+01          4.5004936218E+01          4.7000000000E+01          0.0000000000E+00          5.1575942163E+04          0.0000000000E+00          3.3391536545E-01          3.3631141826E-01          3.3518576609E-01          3.3705965871E-01          3.3777539791E-01          3.4020492417E-01          3.3906354231E-01          3.4100558660E-01          4.3949950252E+02          4.4454748569E+02          2.0604300996E+00          2.0778392519E+00          6.5027561143E-01          1.5295392817E-01          0.0000000000E+00          6.7046804304E-01          5.9521017381E+01          7.4413437270E-01          3.9425266021E+01          4.4883921005E+02          1.8831898232E-01          
2024-12-12                09:09:56.483              346.38190375              8313.165690               347.38190375              1734023396.484            0                         963                       1.3999837961E+02          4.5001060486E+01          1.8625000000E+01          4.5015190125E+01          4.5004936218E+01          4.7000000000E+01          0.0000000000E+00          5.1575942163E+04          0.0000000000E+00          3.3392066645E-01          3.3629824808E-01          3.3518092287E-01          3.3705229018E-01          3.3778295609E-01          3.4019173580E-01          3.3905882002E-01          3.4099802174E-01          4.3988471092E+02          4.4493993053E+02          2.0603777726E+00          2.0777963815E+00          6.5064239998E-01          1.3188659898E-01          0.0000000000E+00          6.7046804304E-01          5.9521017381E+01          7.4413437270E-01          3.9425266021E+01          4.4883921005E+02          1.8831898232E-01          
2024-12-12                09:09:56.783              346.38190722              8313.165773               347.38190722              1734023396.784            0                         963                       1.3999729919E+02          4.5001060486E+01          1.8625000000E+01          4.5015190125E+01          4.5004936218E+01          2.5000000000E+01          0.0000000000E+00          5.1575515625E+04          0.0000000000E+00          3.3479898189E-01          3.3630570634E-01          3.3517648170E-01          3.3703711469E-01          3.3867232590E-01          3.4019952801E-01          3.3905432590E-01          3.4098217667E-01          4.4004148516E+02          4.4509965156E+02          2.0603564755E+00          2.0777789337E+00          6.5079170635E-01          1.2331721418E-01          0.0000000000E+00          6.7046804304E-01          5.9521017381E+01          7.4413437270E-01          3.9425266021E+01          4.4876398331E+02          1.8831898232E-01          
2024-12-12                09:09:57.779              346.38191874              8313.166050               347.38191874              1734023397.779            0                         963                       1.3999772836E+02          4.5001060486E+01          1.8625000000E+01          4.5015190125E+01          4.5004936218E+01          4.7000000000E+01          0.0000000000E+00          5.1575412625E+04          0.0000000000E+00          3.3771206950E-01          3.3631817374E-01          3.3523972754E-01          3.3702878040E-01          3.4162211099E-01          3.4021249835E-01          3.3911878636E-01          3.4097325386E-01          4.4056145475E+02          4.4562940074E+02          2.0604095528E+00          2.0778458110E+00          6.5128692218E-01          9.4895270074E-02          0.0000000000E+00          6.7692021922E-01          5.9521017381E+01          7.0639054856E-01          3.9425266021E+01          4.4876398331E+02          1.8831898232E-01          
2024-12-12                09:09:58.519              346.38192730              8313.166255               347.38192730              1734023398.519            0                         963                       1.3999772836E+02          4.5001060486E+01          1.8625000000E+01          4.5015190125E+01          4.5004936218E+01          4.7000000000E+01          0.0000000000E+00          5.1575412625E+04          0.0000000000E+00          3.3771739843E-01          3.3612834162E-01          3.3533579611E-01          3.3701338083E-01          3.4162973176E-01          3.4002101850E-01          3.3921629254E-01          3.4095678468E-01          4.4094823240E+02          4.4602345839E+02          2.0604490204E+00          2.0778955426E+00          6.5165523137E-01          7.3742072706E-02          0.0000000000E+00          6.7692021922E-01          5.9521017381E+01          7.0639054856E-01          3.9425266021E+01          4.4876398331E+02          1.8831898232E-01          
2024-12-12                09:09:59.084              346.38193384              8313.166412               347.38193384              1734023399.084            0                         963                       1.3999907486E+02          4.5001060486E+01          1.8625000000E+01          4.5015190125E+01          4.5004936218E+01          2.0000000000E+00          0.0000000000E+00          5.1575316995E+04          0.0000000000E+00          3.3732508458E-01          3.3592959048E-01          3.3535892737E-01          3.3701411253E-01          3.4123457432E-01          3.3982065261E-01          3.3923976093E-01          3.4095743677E-01          4.4124355458E+02          4.4632434252E+02          2.0604791532E+00          2.0779335125E+00          6.5193644566E-01          5.7588520165E-02          0.0000000000E+00          6.7692021922E-01          5.9521017381E+01          7.0639054856E-01          3.9573381542E+01          4.4876398331E+02          4.6642781781E-02          
2024-12-12                09:09:59.701              346.38194100              8313.166584               347.38194100              1734023399.702            0                         963                       1.3999677881E+02          4.5001060486E+01          1.8625000000E+01          4.5015190125E+01          4.5005055745E+01          4.6000000000E+01          0.0000000000E+00          5.1574635742E+04          0.0000000000E+00          3.3689991704E-01          3.3580272397E-01          3.3544440153E-01          3.3700747374E-01          3.4081024606E-01          3.3969320415E-01          3.3932666163E-01          3.4095024139E-01          4.4156658721E+02          4.4665856672E+02          2.0605121141E+00          2.0779924991E+00          6.5289105680E-01          9.1686890083E-02          0.0000000000E+00          6.7692021922E-01          5.9866515197E+01          7.0639054856E-01          3.9573381542E+01          4.4876398331E+02          4.6642781781E-02          
2024-12-12                09:10:00.698              346.38195253              8313.166861               347.38195253              1734023400.699            0                         963                       1.3999671164E+02          4.5001060486E+01          1.8625000000E+01          4.5015190125E+01          4.5005058289E+01          4.7000000000E+01          0.0000000000E+00          5.1574482077E+04          0.0000000000E+00          3.3621071945E-01          3.3574832032E-01          3.3558359629E-01          3.3699661251E-01          3.4012248109E-01          3.3963906706E-01          3.3946834096E-01          3.4093838175E-01          4.4125371127E+02          4.4635447425E+02          2.0605659638E+00          2.0780890024E+00          6.5445552335E-01          1.4667602010E-01          0.0000000000E+00          6.7363310467E-01          5.9866515197E+01          6.9779348856E-01          3.9573381542E+01          4.4876398331E+02          4.6642781781E-02          
2024-12-12                09:10:01.434              346.38196104              8313.167065               347.38196104              1734023401.434            0                         963                       1.3999671164E+02          4.5001060486E+01          1.8625000000E+01          4.5015190125E+01          4.5005058289E+01          4.7000000000E+01          0.0000000000E+00          5.1574482077E+04          0.0000000000E+00          3.3621828186E-01          3.3583728054E-01          3.3565143620E-01          3.3699478544E-01          3.4013708531E-01          3.3972979430E-01          3.3953753528E-01          3.4093650077E-01          4.4102303959E+02          4.4613026784E+02          2.0606056641E+00          2.0781601525E+00          6.5560896196E-01          1.8721828965E-01          0.0000000000E+00          6.7363310467E-01          5.9866515197E+01          6.9779348856E-01          3.9573381542E+01          4.4876398331E+02          4.6642781781E-02          
2024-12-12                09:10:01.740              346.38196458              8313.167150               347.38196458              1734023401.740            0                         963                       1.3999667358E+02          4.5001060486E+01          1.8625000000E+01          4.5015190125E+01          4.5005058289E+01          2.5000000000E+01          0.0000000000E+00          5.1574339844E+04          0.0000000000E+00          3.3690306186E-01          3.3594172965E-01          3.3566598999E-01          3.3700455736E-01          3.4083274726E-01          3.3983602557E-01          3.3955259589E-01          3.4094595180E-01          4.4092698385E+02          4.4603690106E+02          2.0606221946E+00          2.0781897776E+00          6.5608919342E-01          2.0410192790E-01          0.0000000000E+00          6.7363310467E-01          5.9866515197E+01          6.9779348856E-01          3.9573381542E+01          4.4882123785E+02          4.6642781781E-02          
2024-12-12                09:10:02.711              346.38197583              8313.167420               347.38197583              1734023402.712            0                         963                       1.3999548935E+02          4.5001060486E+01          1.8625000000E+01          4.5015190125E+01          4.5005058289E+01          4.7000000000E+01          0.0000000000E+00          5.1573617254E+04          0.0000000000E+00          3.3907823867E-01          3.3607497286E-01          3.3581631831E-01          3.3701942366E-01          3.4304256918E-01          3.3997151122E-01          3.3970554802E-01          3.4096057473E-01          4.4062186445E+02          4.4574031343E+02          2.0605899047E+00          2.0781983720E+00          6.5761472296E-01          2.5773241182E-01          0.0000000000E+00          6.8148382922E-01          5.9866515197E+01          7.7475541915E-01          3.9573381542E+01          4.4882123785E+02          4.6642781781E-02          
2024-12-12                09:10:03.447              346.38198435              8313.167624               347.38198435              1734023403.448            0                         963                       1.3999548935E+02          4.5001060486E+01          1.8625000000E+01          4.5015190125E+01          4.5005058289E+01          4.7000000000E+01          0.0000000000E+00          5.1573617254E+04          0.0000000000E+00          3.3908580406E-01          3.3613580381E-01          3.3586555524E-01          3.3702653576E-01          3.4305724760E-01          3.4003359561E-01          3.3975604406E-01          3.4096694188E-01          4.4039087807E+02          4.4551577816E+02          2.0605654494E+00          2.0782048770E+00          6.5876994921E-01          2.9832991937E-01          0.0000000000E+00          6.8148382922E-01          5.9866515197E+01          7.7475541915E-01          3.9573381542E+01          4.4882123785E+02          4.6642781781E-02          
2024-12-12                09:10:04.013              346.38199090              8313.167782               347.38199090              1734023404.014            0                         963                       1.3999509780E+02          4.5001060486E+01          1.8625000000E+01          4.5015190125E+01          4.5005058289E+01          2.0000000000E+00          0.0000000000E+00          5.1573014822E+04          0.0000000000E+00          3.4093884017E-01          3.3623929247E-01          3.3592454693E-01          3.3703571957E-01          3.4493741705E-01          3.4013872778E-01          3.3981629258E-01          3.4097626224E-01          4.4021318759E+02          4.4534304239E+02          2.0605466487E+00          2.0782098871E+00          6.5965839992E-01          3.2956333607E-01          0.0000000000E+00          6.8148382922E-01          5.9866515197E+01          7.7475541915E-01          4.0022260050E+01          4.4882123785E+02          3.1861768919E-01          
2024-12-12                09:10:04.648              346.38199825              8313.167958               347.38199825              1734023404.649            0                         963                       1.3999670251E+02          4.5001054764E+01          1.8625000000E+01          4.5015188217E+01          4.5005050659E+01          4.6000000000E+01          0.0000000000E+00          5.1572904338E+04          0.0000000000E+00          3.4300203940E-01          3.3642853557E-01          3.3601870208E-01          3.3703778629E-01          3.4701748573E-01          3.4033026672E-01          3.3991216273E-01          3.4097794579E-01          4.4001382194E+02          4.4513202491E+02          2.0605255531E+00          2.0781564815E+00          6.5846740193E-01          2.7314961598E-01          0.0000000000E+00          6.8148382922E-01          5.9659349719E+01          7.7475541915E-01          4.0022260050E+01          4.4882123785E+02          3.1861768919E-01          
2024-12-12                09:10:05.618              346.38200948              8313.168227               347.38200948              1734023405.619            0                         963                       1.3999608706E+02          4.5000511169E+01          1.8625000000E+01          4.5015129089E+01          4.5004814148E+01          4.7000000000E+01          0.0000000000E+00          5.1572522605E+04          0.0000000000E+00          3.4615385868E-01          3.3673226503E-01          3.3614838258E-01          3.3703867721E-01          3.5019489980E-01          3.4063744858E-01          3.4004392480E-01          3.4097800612E-01          4.3975087320E+02          4.4485176075E+02          2.0604932948E+00          2.0780748421E+00          6.5664703618E-01          1.8697535934E-01          0.0000000000E+00          6.9415321518E-01          5.9659349719E+01          7.2452379235E-01          4.0022260050E+01          4.4882123785E+02          3.1861768919E-01          
2024-12-12                09:10:06.355              346.38201800              8313.168432               347.38201800              1734023406.355            0                         963                       1.3999608706E+02          4.5000511169E+01          1.8625000000E+01          4.5015129089E+01          4.5004814148E+01          4.7000000000E+01          0.0000000000E+00          5.1572522605E+04          0.0000000000E+00          3.4614330211E-01          3.3710150939E-01          3.3626103112E-01          3.3706004957E-01          3.5017564770E-01          3.4101083238E-01          3.4015822490E-01          3.4099959682E-01          4.3955143148E+02          4.4463919447E+02          2.0604688107E+00          2.0780128953E+00          6.5526594265E-01          1.2157256089E-01          0.0000000000E+00          6.9415321518E-01          5.9659349719E+01          7.2452379235E-01          4.0022260050E+01          4.4882123785E+02          3.1861768919E-01          
2024-12-12                09:10:06.677              346.38202174              8313.168522               347.38202174              1734023406.678            0                         963                       1.4000186157E+02          4.5000511169E+01          1.8625000000E+01          4.5015129089E+01          4.5004814148E+01          2.5000000000E+01          0.0000000000E+00          5.1573148438E+04          0.0000000000E+00          3.4455711712E-01          3.3743402572E-01          3.3635749724E-01          3.3707982530E-01          3.4856724180E-01          3.4134706538E-01          3.4025600417E-01          3.4101916368E-01          4.3946395348E+02          4.4454596070E+02          2.0604580604E+00          2.0779857059E+00          6.5465987309E-01          9.2858800184E-02          0.0000000000E+00          6.9415321518E-01          5.9659349719E+01          7.2452379235E-01          4.0022260050E+01          4.4878570678E+02          3.1861768919E-01          
2024-12-12                09:10:07.676              346.38203329              8313.168799               347.38203329              1734023407.676            0                         963                       1.3999783148E+02          4.5000511169E+01          1.8625000000E+01          4.5015129089E+01          4.5004814148E+01          4.7000000000E+01          0.0000000000E+00          5.1572526549E+04          0.0000000000E+00          3.3965614735E-01          3.3760834126E-01          3.3640816232E-01          3.3708810096E-01          3.4359783323E-01          3.4152302799E-01          3.4030749853E-01          3.4102707528E-01          4.3919366562E+02          4.4425790230E+02          2.0604386057E+00          2.0779155790E+00          6.5278739131E-01          4.1394855697E-03          0.0000000000E+00          6.8203327476E-01          5.9659349719E+01          7.5087968626E-01          4.0022260050E+01          4.4878570678E+02          3.1861768919E-01          
2024-12-12                09:10:08.417              346.38204187              8313.169005               347.38204187              1734023408.418            0                         963                       1.3999783148E+02          4.5000511169E+01          1.8625000000E+01          4.5015129089E+01          4.5004814148E+01          4.7000000000E+01          0.0000000000E+00          5.1572526549E+04          0.0000000000E+00          3.3964549890E-01          3.3763626214E-01          3.3651584927E-01          3.3711261693E-01          3.4357858413E-01          3.4155081941E-01          3.4041646531E-01          3.4105100743E-01          4.3899259815E+02          4.4404363467E+02          2.0604241530E+00          2.0778634582E+00          6.5139536647E-01          -6.1796500423E-02         0.0000000000E+00          6.8203327476E-01          5.9659349719E+01          7.5087968626E-01          4.0022260050E+01          4.4878570678E+02          3.1861768919E-01          
2024-12-12                09:10:08.980              346.38204838              8313.169161               347.38204838              1734023408.980            0                         963                       1.3999886677E+02          4.5000511169E+01          1.8625000000E+01          4.5015129089E+01          4.5004814148E+01          2.0000000000E+00          0.0000000000E+00          5.1572530956E+04          0.0000000000E+00          3.3819899109E-01          3.3763070175E-01          3.3653542069E-01          3.3711516711E-01          3.4210893462E-01          3.4154468686E-01          3.4043614518E-01          3.4105349082E-01          4.3884035148E+02          4.4388139805E+02          2.0604132018E+00          2.0778239798E+00          6.5034110688E-01          -1.1174739654E-01         0.0000000000E+00          6.8203327476E-01          5.9659349719E+01          7.5087968626E-01          3.9476065776E+01          4.4878570678E+02          -1.2263981366E-01         
2024-12-12                09:10:09.618              346.38205576              8313.169338               347.38205576              1734023409.618            0                         963                       1.4000000509E+02          4.5000587463E+01          1.8625000000E+01          4.5015124003E+01          4.5004824320E+01          4.6000000000E+01          0.0000000000E+00          5.1572568359E+04          0.0000000000E+00          3.3656624156E-01          3.3764115328E-01          3.3660603976E-01          3.3713371540E-01          3.4045773675E-01          3.4155483581E-01          3.4050753438E-01          3.4107175898E-01          4.3866752274E+02          4.4370716945E+02          2.0604007710E+00          2.0778133510E+00          6.5041176048E-01          -1.2368724995E-01         0.0000000000E+00          6.8203327476E-01          5.9479693493E+01          7.5087968626E-01          3.9476065776E+01          4.4878570678E+02          -1.2263981366E-01         
2024-12-12                09:10:10.602              346.38206716              8313.169612               347.38206716              1734023410.603            0                         963                       1.3999990497E+02          4.5000968933E+01          1.8625000000E+01          4.5015098572E+01          4.5004875183E+01          4.7000000000E+01          0.0000000000E+00          5.1572377610E+04          0.0000000000E+00          3.3404714589E-01          3.3765700995E-01          3.3664110019E-01          3.3715893766E-01          3.3791009566E-01          3.4157053800E-01          3.4054295871E-01          3.4109635446E-01          4.3882840195E+02          4.4387062494E+02          2.0603812332E+00          2.0777962563E+00          6.5050838063E-01          -1.4211042071E-01         0.0000000000E+00          6.7052638130E-01          5.9479693493E+01          7.3749604138E-01          3.9476065776E+01          4.4878570678E+02          -1.2263981366E-01         
2024-12-12                09:10:11.342              346.38207573              8313.169817               347.38207573              1734023411.343            0                         963                       1.3999990497E+02          4.5000968933E+01          1.8625000000E+01          4.5015098572E+01          4.5004875183E+01          4.7000000000E+01          0.0000000000E+00          5.1572377610E+04          0.0000000000E+00          3.3404865997E-01          3.3776880830E-01          3.3658596710E-01          3.3715163654E-01          3.3791206201E-01          3.4168340634E-01          3.4048701803E-01          3.4108887960E-01          4.3894920715E+02          4.4399336533E+02          2.0603665612E+00          2.0777834197E+00          6.5058097022E-01          -1.5593779684E-01         0.0000000000E+00          6.7052638130E-01          5.9479693493E+01          7.3749604138E-01          3.9476065776E+01          4.4878570678E+02          -1.2263981366E-01         
2024-12-12                09:10:11.642              346.38207920              8313.169901               347.38207920              1734023411.643            0                         963                       1.3999992371E+02          4.5000968933E+01          1.8625000000E+01          4.5015098572E+01          4.5004875183E+01          2.5000000000E+01          0.0000000000E+00          5.1572253906E+04          0.0000000000E+00          3.3499372432E-01          3.3770573821E-01          3.3656745265E-01          3.3713556891E-01          3.3886823217E-01          3.4161942510E-01          3.4046819494E-01          3.4107209404E-01          4.3899815313E+02          4.4404309561E+02          2.0603606162E+00          2.0777782188E+00          6.5061039926E-01          -1.6153681719E-01         0.0000000000E+00          6.7052638130E-01          5.9479693493E+01          7.3749604138E-01          3.9476065776E+01          4.4876469348E+02          -1.2263981366E-01         
2024-12-12                09:10:12.625              346.38209057              8313.170174               347.38209057              1734023412.625            0                         963                       1.3999823305E+02          4.5000968933E+01          1.8625000000E+01          4.5015098572E+01          4.5004875183E+01          4.7000000000E+01          0.0000000000E+00          5.1571831502E+04          0.0000000000E+00          3.3808723916E-01          3.3808173932E-01          3.3655299649E-01          3.3712675074E-01          3.4199810711E-01          3.4199971019E-01          3.4045319914E-01          3.4106263560E-01          4.3915837053E+02          4.4420588070E+02          2.0604075449E+00          2.0778281374E+00          6.5070673427E-01          -1.7986435828E-01         0.0000000000E+00          6.7812990293E-01          5.9479693493E+01          7.2249604427E-01          3.9476065776E+01          4.4876469348E+02          -1.2263981366E-01         
2024-12-12                09:10:13.369              346.38209919              8313.170381               347.38209919              1734023413.370            0                         963                       1.3999823305E+02          4.5000968933E+01          1.8625000000E+01          4.5015098572E+01          4.5004875183E+01          4.7000000000E+01          0.0000000000E+00          5.1571831502E+04          0.0000000000E+00          3.3808876672E-01          3.3817370206E-01          3.3662483029E-01          3.3712073338E-01          3.4200009535E-01          3.4209274621E-01          3.4052555613E-01          3.4105555117E-01          4.3927999266E+02          4.4432945199E+02          2.0604431400E+00          2.0778660007E+00          6.5077981792E-01          -1.9378522417E-01         0.0000000000E+00          6.7812990293E-01          5.9479693493E+01          7.2249604427E-01          3.9476065776E+01          4.4876469348E+02          -1.2263981366E-01         
2024-12-12                09:10:13.937              346.38210576              8313.170538               347.38210576              1734023413.938            0                         963                       1.4000139398E+02          4.5000968933E+01          1.8625000000E+01          4.5015098572E+01          4.5004875183E+01          2.0000000000E+00          0.0000000000E+00          5.1571904003E+04          0.0000000000E+00          3.3704165472E-01          3.3824145592E-01          3.3662967708E-01          3.3712054775E-01          3.4094120713E-01          3.4216137602E-01          3.4053038928E-01          3.4105528276E-01          4.3937275164E+02          4.4442369761E+02          2.0604702749E+00          2.0778948650E+00          6.5083553746E-01          -2.0440612278E-01         0.0000000000E+00          6.7812990293E-01          5.9479693493E+01          7.2249604427E-01          3.9505730748E+01          4.4876469348E+02          -2.1530349100E-01         
2024-12-12                09:10:14.559              346.38211295              8313.170711               347.38211295              1734023414.559            0                         963                       1.4000153542E+02          4.5000990868E+01          1.8626953125E+01          4.5015094757E+01          4.5004877090E+01          4.6000000000E+01          0.0000000000E+00          5.1571913818E+04          0.0000000000E+00          3.3590169452E-01          3.3826715261E-01          3.3667516471E-01          3.3712377385E-01          3.3979252937E-01          3.4218762383E-01          3.4057609898E-01          3.4105801969E-01          4.3947417036E+02          4.4453209220E+02          2.0604999428E+00          2.0779448030E+00          6.5157784500E-01          -1.8567156062E-01         0.0000000000E+00          6.7812990293E-01          5.9587323561E+01          7.2249604427E-01          3.9505730748E+01          4.4876469348E+02          -2.1530349100E-01         
2024-12-12                09:10:15.536              346.38212427              8313.170982               347.38212427              1734023415.537            0                         963                       1.3999925738E+02          4.5001670837E+01          1.8643311138E+01          4.5014976501E+01          4.5004936218E+01          4.7000000000E+01          0.0000000000E+00          5.1571615182E+04          0.0000000000E+00          3.3410689192E-01          3.3823414739E-01          3.3673450633E-01          3.3712954636E-01          3.3798392044E-01          3.4215464834E-01          3.4063560078E-01          3.4106288164E-01          4.3976021413E+02          4.4483053268E+02          2.0605465638E+00          2.0780232507E+00          6.5274327666E-01          -1.5616375263E-01         0.0000000000E+00          6.7069792842E-01          5.9587323561E+01          7.4096864348E-01          3.9505730748E+01          4.4876469348E+02          -2.1530349100E-01         
2024-12-12                09:10:16.272              346.38213278              8313.171187               347.38213278              1734023416.272            0                         963                       1.3999925738E+02          4.5001670837E+01          1.8643311138E+01          4.5014976501E+01          4.5004936218E+01          4.7000000000E+01          0.0000000000E+00          5.1571615182E+04          0.0000000000E+00          3.3411452140E-01          3.3817428220E-01          3.3673396637E-01          3.3712246883E-01          3.3799688586E-01          3.4209462200E-01          3.4063506104E-01          3.4105568447E-01          4.3997514388E+02          4.4505478689E+02          2.0605816054E+00          2.0780822142E+00          6.5361919329E-01          -1.3397805551E-01         0.0000000000E+00          6.7069792842E-01          5.9587323561E+01          7.4096864348E-01          3.9505730748E+01          4.4876469348E+02          -2.1530349100E-01         
2024-12-12                09:10:16.575              346.38213630              8313.171271               347.38213630              1734023416.576            0                         963                       1.3999800110E+02          4.5001670837E+01          1.8625000000E+01          4.5014976501E+01          4.5004936218E+01          2.5000000000E+01          0.0000000000E+00          5.1571367188E+04          0.0000000000E+00          3.3474165147E-01          3.3812895914E-01          3.3671079992E-01          3.3712573408E-01          3.3863347700E-01          3.4204935531E-01          3.4061178681E-01          3.4105848807E-01          4.4006402077E+02          4.4514752231E+02          2.0605961009E+00          2.0781066046E+00          6.5398149130E-01          -1.2479752198E-01         0.0000000000E+00          6.7069792842E-01          5.9587323561E+01          7.4096864348E-01          3.9505730748E+01          4.4881548399E+02          -2.1530349100E-01         
2024-12-12                09:10:17.578              346.38214789              8313.171549               347.38214789              1734023417.578            0                         963                       1.3999907180E+02          4.5001670837E+01          1.8656325666E+01          4.5014976501E+01          4.5004936218E+01          4.7000000000E+01          0.0000000000E+00          5.1571441586E+04          0.0000000000E+00          3.3680870040E-01          3.3810931366E-01          3.3674855614E-01          3.3713385620E-01          3.4073176822E-01          3.4203023325E-01          3.4065021015E-01          3.4106621885E-01          4.4035696277E+02          4.4545319094E+02          2.0605778743E+00          2.0781204408E+00          6.5517569754E-01          -9.4537919626E-02         0.0000000000E+00          6.7615688191E-01          5.9587323561E+01          7.4539255445E-01          3.9505730748E+01          4.4881548399E+02          -2.1530349100E-01         
2024-12-12                09:10:18.315              346.38215642              8313.171754               347.38215642              1734023418.315            0                         963                       1.3999907180E+02          4.5001670837E+01          1.8656325666E+01          4.5014976501E+01          4.5004936218E+01          4.7000000000E+01          0.0000000000E+00          5.1571441586E+04          0.0000000000E+00          3.3681634621E-01          3.3801695778E-01          3.3667939260E-01          3.3715149518E-01          3.4074480843E-01          3.4193768154E-01          3.4058070437E-01          3.4108311339E-01          4.4057247670E+02          4.4567807474E+02          2.0605644631E+00          2.0781306144E+00          6.5605412493E-01          -7.2291793950E-02         0.0000000000E+00          6.7615688191E-01          5.9587323561E+01          7.4539255445E-01          3.9505730748E+01          4.4881548399E+02          -2.1530349100E-01         
2024-12-12                09:10:18.884              346.38216302              8313.171912               347.38216302              1734023418.885            0                         963                       1.3999741034E+02          4.5001670837E+01          1.8687500000E+01          4.5014976501E+01          4.5004936218E+01          2.0000000000E+00          0.0000000000E+00          5.1570912564E+04          0.0000000000E+00          3.3664991312E-01          3.3792068881E-01          3.3667904982E-01          3.3715031776E-01          3.4058053576E-01          3.4184126443E-01          3.4058070241E-01          3.4108193363E-01          4.4073916172E+02          4.4585201149E+02          2.0605540904E+00          2.0781384832E+00          6.5673353770E-01          -5.5087731227E-02         0.0000000000E+00          6.7615688191E-01          5.9587323561E+01          7.4539255445E-01          3.9852230555E+01          4.4881548399E+02          -6.6016103080E-02         
2024-12-12                09:10:19.506              346.38217021              8313.172085               347.38217021              1734023419.506            0                         963                       1.3999688721E+02          4.5001670837E+01          1.8687500000E+01          4.5014976501E+01          4.5004936218E+01          4.6000000000E+01          0.0000000000E+00          5.1570796875E+04          0.0000000000E+00          3.3645932541E-01          3.3784939896E-01          3.3660668258E-01          3.3715831890E-01          3.4038508082E-01          3.4177005143E-01          3.4050806721E-01          3.4108956489E-01          4.4092075760E+02          4.4603223009E+02          2.0605427888E+00          2.0781152722E+00          6.5629560789E-01          -5.8609430495E-02         0.0000000000E+00          6.7615688191E-01          5.9780342701E+01          7.4539255445E-01          3.9852230555E+01          4.4881548399E+02          -6.6016103080E-02         
2024-12-12                09:10:20.482              346.38218150              8313.172356               347.38218150              1734023420.482            0                         963                       1.3999871845E+02          4.5001213074E+01          1.8625000000E+01          4.5014945984E+01          4.5004936218E+01          4.7000000000E+01          0.0000000000E+00          5.1570923303E+04          0.0000000000E+00          3.3615768212E-01          3.3780313216E-01          3.3658415272E-01          3.3717176998E-01          3.4007586345E-01          3.4172406488E-01          3.4048618491E-01          3.4110223675E-01          4.4067210098E+02          4.4577543971E+02          2.0605254586E+00          2.0780796493E+00          6.5562292053E-01          -6.4157594639E-02         0.0000000000E+00          6.7487447833E-01          5.9780342701E+01          7.4613815683E-01          3.9852230555E+01          4.4881548399E+02          -6.6016103080E-02         
2024-12-12                09:10:21.220              346.38219005              8313.172561               347.38219005              1734023421.220            0                         963                       1.3999871845E+02          4.5001213074E+01          1.8625000000E+01          4.5014945984E+01          4.5004936218E+01          4.7000000000E+01          0.0000000000E+00          5.1570923303E+04          0.0000000000E+00          3.3615273800E-01          3.3780816774E-01          3.3666238727E-01          3.3716937789E-01          3.4006779585E-01          3.4172991326E-01          3.4056579291E-01          3.4109980848E-01          4.4048407302E+02          4.4558126548E+02          2.0605123552E+00          2.0780527147E+00          6.5511428807E-01          -6.8351248779E-02         0.0000000000E+00          6.7487447833E-01          5.9780342701E+01          7.4613815683E-01          3.9852230555E+01          4.4881548399E+02          -6.6016103080E-02         
2024-12-12                09:10:21.522              346.38219354              8313.172645               347.38219354              1734023421.522            0                         963                       1.3999530029E+02          4.5001213074E+01          1.8625000000E+01          4.5014945984E+01          4.5004936218E+01          2.5000000000E+01          0.0000000000E+00          5.1570175781E+04          0.0000000000E+00          3.3562831538E-01          3.3780106177E-01          3.3665036318E-01          3.3716041749E-01          3.3953601339E-01          3.4172345807E-01          3.4055381873E-01          3.4109026390E-01          4.4040714543E+02          4.4550182395E+02          2.0605069914E+00          2.0780416912E+00          6.5490615262E-01          -7.0071041974E-02         0.0000000000E+00          6.7487447833E-01          5.9780342701E+01          7.4613815683E-01          3.9852230555E+01          4.4879639320E+02          -6.6016103080E-02         
2024-12-12                09:10:22.529              346.38220520              8313.172925               347.38220520              1734023422.529            0                         963                       1.3999711816E+02          4.5001213074E+01          1.8625000000E+01          4.5014945984E+01          4.5004936218E+01          4.7000000000E+01          0.0000000000E+00          5.1570177966E+04          0.0000000000E+00          3.3387965953E-01          3.3771647946E-01          3.3677052681E-01          3.3714735319E-01          3.3776284505E-01          3.4163853489E-01          3.4067593879E-01          3.4107656229E-01          4.4015063487E+02          4.4523693513E+02          2.0604643884E+00          2.0779800098E+00          6.5421215576E-01          -7.5805553978E-02         0.0000000000E+00          6.7059286270E-01          5.9780342701E+01          7.5399834060E-01          3.9852230555E+01          4.4879639320E+02          -6.6016103080E-02         
2024-12-12                09:10:23.262              346.38221368              8313.173128               347.38221368              1734023423.262            0                         963                       1.3999711816E+02          4.5001213074E+01          1.8625000000E+01          4.5014945984E+01          4.5004936218E+01          4.7000000000E+01          0.0000000000E+00          5.1570177966E+04          0.0000000000E+00          3.3387474763E-01          3.3751272795E-01          3.3675718755E-01          3.3713972324E-01          3.3775485193E-01          3.4143300750E-01          3.4066269885E-01          3.4106789030E-01          4.3996388057E+02          4.4504408597E+02          2.0604333816E+00          2.0779351169E+00          6.5370701161E-01          -7.9970773841E-02         0.0000000000E+00          6.7059286270E-01          5.9780342701E+01          7.5399834060E-01          3.9852230555E+01          4.4879639320E+02          -6.6016103080E-02         
2024-12-12                09:10:23.823              346.38222019              8313.173284               347.38222019              1734023423.824            0                         963                       1.3999795846E+02          4.5001213074E+01          1.8625000000E+01          4.5014945984E+01          4.5004936218E+01          2.0000000000E+00          0.0000000000E+00          5.1570074379E+04          0.0000000000E+00          3.3433129365E-01          3.3731964798E-01          3.3672897948E-01          3.3713313068E-01          3.3821438152E-01          3.4123823028E-01          3.4063423005E-01          3.4106119193E-01          4.3982067959E+02          4.4489621422E+02          2.0604096098E+00          2.0779006992E+00          6.5331972232E-01          -8.3161046317E-02         0.0000000000E+00          6.7059286270E-01          5.9780342701E+01          7.5399834060E-01          3.9651526137E+01          4.4879639320E+02          -9.4050441975E-02         
2024-12-12                09:10:24.460              346.38222755              8313.173461               347.38222755              1734023424.460            0                         963                       1.3999494934E+02          4.5001213074E+01          1.8625000000E+01          4.5014945984E+01          4.5004936218E+01          4.6000000000E+01          0.0000000000E+00          5.1569539062E+04          0.0000000000E+00          3.3486330781E-01          3.3719309935E-01          3.3674887202E-01          3.3713560534E-01          3.3876111697E-01          3.4111095885E-01          3.4065472391E-01          3.4106321441E-01          4.3965862405E+02          4.4474349563E+02          2.0603827083E+00          2.0779119498E+00          6.5474249157E-01          -7.6427710774E-02         0.0000000000E+00          6.7059286270E-01          5.9611929139E+01          7.5399834060E-01          3.9651526137E+01          4.4879639320E+02          -9.4050441975E-02         
2024-12-12                09:10:25.437              346.38223885              8313.173733               347.38223885              1734023425.437            0                         963                       1.3999751075E+02          4.5001914978E+01          1.8625000000E+01          4.5014945984E+01          4.5004814148E+01          4.7000000000E+01          0.0000000000E+00          5.1569574342E+04          0.0000000000E+00          3.3568093622E-01          3.3714238468E-01          3.3675997836E-01          3.3714296262E-01          3.3960140257E-01          3.4106065885E-01          3.4066640790E-01          3.4106971228E-01          4.3950311222E+02          4.4460335964E+02          2.0603413076E+00          2.0779290897E+00          6.5692561417E-01          -6.6081887406E-02         0.0000000000E+00          6.7271719541E-01          5.9611929139E+01          7.0402492102E-01          3.9651526137E+01          4.4879639320E+02          -9.4050441975E-02         
2024-12-12                09:10:26.177              346.38224742              8313.173938               347.38224742              1734023426.177            0                         963                       1.3999751075E+02          4.5001914978E+01          1.8625000000E+01          4.5014945984E+01          4.5004814148E+01          4.7000000000E+01          0.0000000000E+00          5.1569574342E+04          0.0000000000E+00          3.3569411964E-01          3.3718375105E-01          3.3677417995E-01          3.3713956158E-01          3.3962469514E-01          3.4110366576E-01          3.4068140366E-01          3.4106632022E-01          4.3938534302E+02          4.4449723107E+02          2.0603099478E+00          2.0779420755E+00          6.5857934865E-01          -5.8250029097E-02         0.0000000000E+00          6.7271719541E-01          5.9611929139E+01          7.0402492102E-01          3.9651526137E+01          4.4879639320E+02          -9.4050441975E-02         
2024-12-12                09:10:26.483              346.38225097              8313.174023               347.38225097              1734023426.484            0                         963                       1.3999663086E+02          4.5001914978E+01          1.8625000000E+01          4.5014945984E+01          4.5004814148E+01          2.5000000000E+01          0.0000000000E+00          5.1569099836E+04          0.0000000000E+00          3.3653561378E-01          3.3716902066E-01          3.3677140593E-01          3.3712623675E-01          3.4048018213E-01          3.4108949568E-01          3.4067906387E-01          3.4105239188E-01          4.3933645896E+02          4.4445317460E+02          2.0602969405E+00          2.0779474670E+00          6.5926547440E-01          -5.4994959630E-02         0.0000000000E+00          6.7271719541E-01          5.9611929139E+01          7.0402492102E-01          3.9651526137E+01          4.4875106674E+02          -9.4050441975E-02         
2024-12-12                09:10:27.506              346.38226280              8313.174307               347.38226280              1734023427.506            0                         963                       1.3999689644E+02          4.5001914978E+01          1.8625000000E+01          4.5014945984E+01          4.5004814148E+01          4.7000000000E+01          0.0000000000E+00          5.1568738669E+04          0.0000000000E+00          3.3933694006E-01          3.3735009769E-01          3.3682380708E-01          3.3711948224E-01          3.4332824151E-01          3.4127466905E-01          3.4073324809E-01          3.4104513655E-01          4.3917372458E+02          4.4430650531E+02          2.0602682523E+00          2.0779801585E+00          6.6154978716E-01          -4.4158883041E-02         0.0000000000E+00          6.7976187059E-01          5.9611929139E+01          6.9854174016E-01          3.9651526137E+01          4.4875106674E+02          -9.4050441975E-02         
2024-12-12                09:10:28.240              346.38227130              8313.174511               347.38227130              1734023428.240            0                         963                       1.3999689644E+02          4.5001914978E+01          1.8625000000E+01          4.5014945984E+01          4.5004814148E+01          4.7000000000E+01          0.0000000000E+00          5.1568738669E+04          0.0000000000E+00          3.3935001633E-01          3.3738818948E-01          3.3674698163E-01          3.3710691016E-01          3.4335145761E-01          3.4131488641E-01          3.4065663740E-01          3.4103148442E-01          4.3905691041E+02          4.4420122413E+02          2.0602476420E+00          2.0780036372E+00          6.6319057365E-01          -3.6390539118E-02         0.0000000000E+00          6.7976187059E-01          5.9611929139E+01          6.9854174016E-01          3.9651526137E+01          4.4875106674E+02          -9.4050441975E-02         
2024-12-12                09:10:28.809              346.38227788              8313.174669               347.38227788              1734023428.809            0                         963                       1.3999837128E+02          4.5001914978E+01          1.8625000000E+01          4.5014945984E+01          4.5004814148E+01          2.0000000000E+00          0.0000000000E+00          5.1568575128E+04          0.0000000000E+00          3.3759760953E-01          3.3738540369E-01          3.3675687265E-01          3.3710806204E-01          3.4158609135E-01          3.4131387152E-01          3.4066744501E-01          3.4103278631E-01          4.3896640987E+02          4.4411966140E+02          2.0602316591E+00          2.0780218357E+00          6.6446262959E-01          -3.0380937651E-02         0.0000000000E+00          6.7976187059E-01          5.9611929139E+01          6.9854174016E-01          4.0299903004E+01          4.4875106674E+02          -4.1272452521E-02         
2024-12-12                09:10:29.421              346.38228498              8313.174839               347.38228498              1734023429.422            0                         963                       1.3999917603E+02          4.5001914978E+01          1.8625000000E+01          4.5014945984E+01          4.5004814148E+01          4.6000000000E+01          0.0000000000E+00          5.1568632812E+04          0.0000000000E+00          3.3568897156E-01          3.3734735455E-01          3.3657121717E-01          3.3710040793E-01          3.3964865333E-01          3.4127698964E-01          3.4048127161E-01          3.4102461903E-01          4.3886891414E+02          4.4401289214E+02          2.0602144407E+00          2.0779764530E+00          6.6342408460E-01          -7.5755383266E-03         0.0000000000E+00          6.7976187059E-01          5.9506559734E+01          6.9854174016E-01          4.0299903004E+01          4.4875106674E+02          -4.1272452521E-02         
2024-12-12                09:10:30.388              346.38229617              8313.175108               347.38229617              1734023430.389            0                         963                       1.3999649369E+02          4.5001562437E+01          1.8625000000E+01          4.5014891747E+01          4.5005003978E+01          4.7000000000E+01          0.0000000000E+00          5.1567584604E+04          0.0000000000E+00          3.3267864744E-01          3.3724918549E-01          3.3650214154E-01          3.3708253032E-01          3.3659302610E-01          3.4117891476E-01          3.4041236161E-01          3.4100550812E-01          4.3884903768E+02          4.4397990584E+02          2.0601871705E+00          2.0779046536E+00          6.6178202110E-01          2.8403023958E-02          0.0000000000E+00          6.6730894179E-01          5.9506559734E+01          7.2638240308E-01          4.0299903004E+01          4.4875106674E+02          -4.1272452521E-02         
2024-12-12                09:10:31.121              346.38230465              8313.175312               347.38230465              1734023431.122            0                         963                       1.3999649369E+02          4.5001562437E+01          1.8625000000E+01          4.5014891747E+01          4.5005003978E+01          4.7000000000E+01          0.0000000000E+00          5.1567584604E+04          0.0000000000E+00          3.3266733153E-01          3.3716678112E-01          3.3650536906E-01          3.3707216600E-01          3.3657415167E-01          3.4109639547E-01          3.4041634206E-01          3.4099510588E-01          4.3883390106E+02          4.4395483311E+02          2.0601665066E+00          2.0778502409E+00          6.6053742406E-01          5.5691336828E-02          0.0000000000E+00          6.6730894179E-01          5.9506559734E+01          7.2638240308E-01          4.0299903004E+01          4.4875106674E+02          -4.1272452521E-02         
2024-12-12                09:10:31.417              346.38230807              8313.175394               347.38230807              1734023431.417            0                         963                       1.3999952409E+02          4.5001518250E+01          1.8625000000E+01          4.5014884949E+01          4.5005027771E+01          2.5000000000E+01          0.0000000000E+00          5.1567709169E+04          0.0000000000E+00          3.3229708478E-01          3.3705610620E-01          3.3645643552E-01          3.3706195500E-01          3.3619657232E-01          3.4098503585E-01          3.4036727497E-01          3.4098427347E-01          4.3882782051E+02          4.4394475436E+02          2.0601581892E+00          2.0778283421E+00          6.6003655519E-01          6.6671089171E-02          0.0000000000E+00          6.6730894179E-01          5.9506559734E+01          7.2638240308E-01          4.0299903004E+01          4.4872116301E+02          -4.1272452521E-02         
2024-12-12                09:10:32.411              346.38231957              8313.175670               347.38231957              1734023432.411            0                         963                       1.4000006233E+02          4.5001518250E+01          1.8625000000E+01          4.5014884949E+01          4.5005027771E+01          4.7000000000E+01          0.0000000000E+00          5.1567630297E+04          0.0000000000E+00          3.3104952966E-01          3.3693946184E-01          3.3647697004E-01          3.3704879647E-01          3.3492435979E-01          3.4086735127E-01          3.4038857080E-01          3.4097042331E-01          4.3880732939E+02          4.4391079340E+02          2.0599264726E+00          2.0775491487E+00          6.5834898301E-01          1.0366752056E-01          0.0000000000E+00          6.6493048492E-01          5.9506559734E+01          7.5455932107E-01          4.0299903004E+01          4.4872116301E+02          -4.1272452521E-02         
2024-12-12                09:10:33.150              346.38232813              8313.175875               347.38232813              1734023433.150            0                         963                       1.4000006233E+02          4.5001518250E+01          1.8625000000E+01          4.5014884949E+01          4.5005027771E+01          4.7000000000E+01          0.0000000000E+00          5.1567630297E+04          0.0000000000E+00          3.3103811396E-01          3.3675248219E-01          3.3641306464E-01          3.3704657069E-01          3.3490536317E-01          3.4067811392E-01          3.4032407367E-01          3.4096701968E-01          4.3879206682E+02          4.4388551839E+02          2.0597542034E+00          2.0773415931E+00          6.5709445213E-01          1.3117938805E-01          0.0000000000E+00          6.6493048492E-01          5.9506559734E+01          7.5455932107E-01          4.0299903004E+01          4.4872116301E+02          -4.1272452521E-02         
2024-12-12                09:10:33.717              346.38233469              8313.176033               347.38233469              1734023433.717            0                         963                       1.3999950576E+02          4.5001518250E+01          1.8625000000E+01          4.5014884949E+01          4.5005027771E+01          2.0000000000E+00          0.0000000000E+00          5.1567379441E+04          0.0000000000E+00          3.3338622644E-01          3.3661993387E-01          3.3637786884E-01          3.3703797833E-01          3.3727515034E-01          3.4054364654E-01          3.4028862107E-01          3.4095835332E-01          4.3878028394E+02          4.4386605388E+02          2.0596220370E+00          2.0771823594E+00          6.5613197617E-01          1.5230460376E-01          0.0000000000E+00          6.6493048492E-01          5.9506559734E+01          7.5455932107E-01          3.9814012517E+01          4.4872116301E+02          1.4144671485E-01          
2024-12-12                09:10:34.332              346.38234181              8313.176203               347.38234181              1734023434.332            0                         963                       1.3999652608E+02          4.5001518250E+01          1.8625000000E+01          4.5014884949E+01          4.5005027771E+01          4.6000000000E+01          0.0000000000E+00          5.1566792318E+04          0.0000000000E+00          3.3594515386E-01          3.3650380164E-01          3.3638927601E-01          3.3704875339E-01          3.3986520460E-01          3.4042568811E-01          3.4029986555E-01          3.4096871393E-01          4.3876749554E+02          4.4385478542E+02          2.0594786803E+00          2.0770435250E+00          6.5634442501E-01          1.2430613986E-01          0.0000000000E+00          6.6493048492E-01          5.9493027092E+01          7.5455932107E-01          3.9814012517E+01          4.4872116301E+02          1.4144671485E-01          
2024-12-12                09:10:35.313              346.38235317              8313.176476               347.38235317              1734023435.314            0                         963                       1.3999862083E+02          4.5001655689E+01          1.8625000000E+01          4.5014930762E+01          4.5005027771E+01          4.7000000000E+01          0.0000000000E+00          5.1566749688E+04          0.0000000000E+00          3.4002994038E-01          3.3643468305E-01          3.3647088128E-01          3.3708077681E-01          3.4399977262E-01          3.4035550874E-01          3.4038237959E-01          3.4100003056E-01          4.3844864357E+02          4.4353502175E+02          2.0592500173E+00          2.0768223180E+00          6.5669235630E-01          7.9592242622E-02          0.0000000000E+00          6.8138981315E-01          5.9493027092E+01          7.0398444029E-01          3.9814012517E+01          4.4872116301E+02          1.4144671485E-01          
2024-12-12                09:10:36.051              346.38236170              8313.176681               347.38236170              1734023436.051            0                         963                       1.3999862083E+02          4.5001655689E+01          1.8625000000E+01          4.5014930762E+01          4.5005027771E+01          4.7000000000E+01          0.0000000000E+00          5.1566749688E+04          0.0000000000E+00          3.4003209423E-01          3.3629231644E-01          3.3658577893E-01          3.3708770478E-01          3.4400354383E-01          3.4021152372E-01          3.4049865488E-01          3.4100708106E-01          4.3820943665E+02          4.4329512915E+02          2.0590783938E+00          2.0766562888E+00          6.5695348435E-01          4.6012408785E-02          0.0000000000E+00          6.8138981315E-01          5.9493027092E+01          7.0398444029E-01          3.9814012517E+01          4.4872116301E+02          1.4144671485E-01          
2024-12-12                09:10:36.357              346.38236524              8313.176766               347.38236524              1734023436.357            0                         963                       1.4000019836E+02          4.5001701355E+01          1.8625000000E+01          4.5014945984E+01          4.5005027771E+01          2.5000000000E+01          0.0000000000E+00          5.1566898438E+04          0.0000000000E+00          3.3788006952E-01          3.3610014824E-01          3.3660082882E-01          3.3709542002E-01          3.4182704336E-01          3.4001737013E-01          3.4051410126E-01          3.4101438429E-01          4.3811018506E+02          4.4319559299E+02          2.0590071292E+00          2.0765873467E+00          6.5706190339E-01          3.2054960462E-02          0.0000000000E+00          6.8138981315E-01          5.9493027092E+01          7.0398444029E-01          3.9814012517E+01          4.4847367388E+02          1.4144671485E-01          
2024-12-12                09:10:37.332              346.38237654              8313.177037               347.38237654              1734023437.333            0                         963                       1.3999749785E+02          4.5001701355E+01          1.8625000000E+01          4.5014945984E+01          4.5005027771E+01          4.7000000000E+01          0.0000000000E+00          5.1566414119E+04          0.0000000000E+00          3.3101609990E-01          3.3578524086E-01          3.3666197510E-01          3.3708704040E-01          3.3488495147E-01          3.3969917733E-01          3.4057596465E-01          3.4100542167E-01          4.3779361884E+02          4.4287811666E+02          2.0588487551E+00          2.0764369600E+00          6.5740771900E-01          -1.2462998156E-02         0.0000000000E+00          6.6331674496E-01          5.9493027092E+01          6.9948643866E-01          3.9814012517E+01          4.4847367388E+02          1.4144671485E-01          
2024-12-12                09:10:38.071              346.38238508              8313.177242               347.38238508              1734023438.071            0                         963                       1.3999749785E+02          4.5001701355E+01          1.8625000000E+01          4.5014945984E+01          4.5005027771E+01          4.7000000000E+01          0.0000000000E+00          5.1566414119E+04          0.0000000000E+00          3.3101826058E-01          3.3558435977E-01          3.3657460286E-01          3.3708822609E-01          3.3488868963E-01          3.3949663911E-01          3.4048778979E-01          3.4100563087E-01          4.3755408806E+02          4.4263789342E+02          2.0587290177E+00          2.0763232618E+00          6.5766921553E-01          -4.6088458547E-02         0.0000000000E+00          6.6331674496E-01          5.9493027092E+01          6.9948643866E-01          3.9814012517E+01          4.4847367388E+02          1.4144671485E-01          
2024-12-12                09:10:38.634              346.38239160              8313.177398               347.38239160              1734023438.634            0                         963                       1.4000042312E+02          4.5001701355E+01          1.8625000000E+01          4.5014945984E+01          4.5005027771E+01          2.0000000000E+00          0.0000000000E+00          5.1566693119E+04          0.0000000000E+00          3.3155621368E-01          3.3539623686E-01          3.3651624950E-01          3.3707524014E-01          3.3543411829E-01          3.3930723292E-01          3.4042902617E-01          3.4099255220E-01          4.3737134006E+02          4.4245461552E+02          2.0586376751E+00          2.0762365258E+00          6.5786870729E-01          -7.1736612841E-02         0.0000000000E+00          6.6331674496E-01          5.9493027092E+01          6.9948643866E-01          3.9912698151E+01          4.4847367388E+02          -8.2547846165E-02         
2024-12-12                09:10:39.249              346.38239872              8313.177569               347.38239872              1734023439.249            0                         963                       1.4000158691E+02          4.5001701355E+01          1.8625000000E+01          4.5014945984E+01          4.5005027771E+01          4.6000000000E+01          0.0000000000E+00          5.1566832031E+04          0.0000000000E+00          3.3213550752E-01          3.3525522562E-01          3.3644680060E-01          3.3707401773E-01          3.3601632153E-01          3.3916554425E-01          3.4035904242E-01          3.4099085974E-01          4.3717171877E+02          4.4224764052E+02          2.0585378970E+00          2.0761184140E+00          6.5721970508E-01          -6.3214745164E-02         0.0000000000E+00          6.6331674496E-01          5.9280090916E+01          6.9948643866E-01          3.9912698151E+01          4.4847367388E+02          -8.2547846165E-02         
2024-12-12                09:10:40.260              346.38241043              8313.177850               347.38241043              1734023440.261            0                         963                       1.4000088531E+02          4.5001457288E+01          1.8625000000E+01          4.5015027339E+01          4.5005027771E+01          4.7000000000E+01          0.0000000000E+00          5.1566704932E+04          0.0000000000E+00          3.3308901198E-01          3.3517435981E-01          3.3644355005E-01          3.3708325757E-01          3.3697457620E-01          3.3908454051E-01          3.4035597977E-01          3.4099924867E-01          4.3690913395E+02          4.4197370221E+02          2.0583736559E+00          2.0759239578E+00          6.5614988853E-01          -4.9190133864E-02         0.0000000000E+00          6.6766956960E-01          5.9280090916E+01          7.0660613583E-01          3.9912698151E+01          4.4847367388E+02          -8.2547846165E-02         
2024-12-12                09:10:41.003              346.38241903              8313.178057               347.38241903              1734023441.004            0                         963                       1.4000088531E+02          4.5001457288E+01          1.8625000000E+01          4.5015027339E+01          4.5005027771E+01          4.7000000000E+01          0.0000000000E+00          5.1566704932E+04          0.0000000000E+00          3.3308129569E-01          3.3515189818E-01          3.3648872610E-01          3.3707386329E-01          3.3696207895E-01          3.3906249361E-01          3.4040190160E-01          3.4098977175E-01          4.3671636868E+02          4.4177260840E+02          2.0582530694E+00          2.0757811922E+00          6.5536448392E-01          -3.8898408862E-02         0.0000000000E+00          6.6766956960E-01          5.9280090916E+01          7.0660613583E-01          3.9912698151E+01          4.4847367388E+02          -8.2547846165E-02         
2024-12-12                09:10:41.309              346.38242257              8313.178142               347.38242257              1734023441.310            0                         963                       1.4000091906E+02          4.5001426697E+01          1.8635526316E+01          4.5015037537E+01          4.5005027771E+01          2.5000000000E+01          0.0000000000E+00          5.1566750535E+04          0.0000000000E+00          3.3409923952E-01          3.3512797412E-01          3.3646094137E-01          3.3706795686E-01          3.3798994421E-01          3.3903811749E-01          3.4037385558E-01          3.4098332986E-01          4.3663694802E+02          4.4168975901E+02          2.0582034100E+00          2.0757223996E+00          6.5504103154E-01          -3.4652610580E-02         0.0000000000E+00          6.6766956960E-01          5.9280090916E+01          7.0660613583E-01          3.9912698151E+01          4.4830070293E+02          -8.2547846165E-02         
2024-12-12                09:10:42.309              346.38243413              8313.178419               347.38243413              1734023442.309            0                         963                       1.4000235813E+02          4.5001426697E+01          1.8687500000E+01          4.5015037537E+01          4.5005027771E+01          4.7000000000E+01          0.0000000000E+00          5.1567258210E+04          0.0000000000E+00          3.3742253820E-01          3.3520955849E-01          3.3662868902E-01          3.3706986152E-01          3.4134555180E-01          3.3912191691E-01          3.4054390421E-01          3.4098478431E-01          4.3637766533E+02          4.4141928947E+02          2.0582190124E+00          2.0757096800E+00          6.5398510848E-01          -2.0791545137E-02         0.0000000000E+00          6.7638801229E-01          5.9280090916E+01          7.0851963455E-01          3.9912698151E+01          4.4830070293E+02          -8.2547846165E-02         
2024-12-12                09:10:43.043              346.38244264              8313.178623               347.38244264              1734023443.044            0                         963                       1.4000235813E+02          4.5001426697E+01          1.8687500000E+01          4.5015037537E+01          4.5005027771E+01          4.7000000000E+01          0.0000000000E+00          5.1567258210E+04          0.0000000000E+00          3.3741491381E-01          3.3519392302E-01          3.3666728367E-01          3.3706776741E-01          3.4133313889E-01          3.3910645253E-01          3.4058312295E-01          3.4098170187E-01          4.3618697736E+02          4.4122037846E+02          2.0582304837E+00          2.0757003151E+00          6.5320826949E-01          -1.0610792571E-02         0.0000000000E+00          6.7638801229E-01          5.9280090916E+01          7.0851963455E-01          3.9912698151E+01          4.4830070293E+02          -8.2547846165E-02         
2024-12-12                09:10:43.608              346.38244917              8313.178780               347.38244917              1734023443.608            0                         963                       1.4000183774E+02          4.5001426697E+01          1.8654109589E+01          4.5015037537E+01          4.5005027771E+01          2.0000000000E+00          0.0000000000E+00          5.1567445473E+04          0.0000000000E+00          3.3703848782E-01          3.3516949793E-01          3.3667160000E-01          3.3706769868E-01          3.4094873984E-01          3.3908200241E-01          3.4058737431E-01          3.4098162449E-01          4.3604066496E+02          4.4106776010E+02          2.0582392849E+00          2.0756931285E+00          6.5261218905E-01          -2.8012414215E-03         0.0000000000E+00          6.7638801229E-01          5.9280090916E+01          7.0851963455E-01          3.9603908913E+01          4.4830070293E+02          -1.3618710884E-02         
2024-12-12                09:10:44.250              346.38245660              8313.178958               347.38245660              1734023444.250            0                         963                       1.4000006104E+02          4.5001426697E+01          1.8625000000E+01          4.5015037537E+01          4.5005027771E+01          4.6000000000E+01          0.0000000000E+00          5.1567261719E+04          0.0000000000E+00          3.3663071840E-01          3.3515994127E-01          3.3670069860E-01          3.3706149704E-01          3.4054671453E-01          3.3907282816E-01          3.4061710209E-01          3.4097486700E-01          4.3587411506E+02          4.4091283820E+02          2.0582493030E+00          2.0757499913E+00          6.5434755510E-01          -8.3068659964E-03         0.0000000000E+00          6.7638801229E-01          5.9106968357E+01          7.0851963455E-01          3.9603908913E+01          4.4830070293E+02          -1.3618710884E-02         
2024-12-12                09:10:45.255              346.38246823              8313.179238               347.38246823              1734023445.255            0                         963                       1.4000110743E+02          4.5000694497E+01          1.8669794189E+01          4.5014847707E+01          4.5005054890E+01          4.7000000000E+01          0.0000000000E+00          5.1567698528E+04          0.0000000000E+00          3.3599546847E-01          3.3516212206E-01          3.3672861993E-01          3.3705010032E-01          3.3992030749E-01          3.3907579974E-01          3.4064618055E-01          3.4096236707E-01          4.3639509844E+02          4.4146075931E+02          2.0582643531E+00          2.0758377683E+00          6.5704171565E-01          -1.6906082453E-02         0.0000000000E+00          6.7438588157E-01          5.9106968357E+01          7.3977699761E-01          3.9603908913E+01          4.4830070293E+02          -1.3618710884E-02         
2024-12-12                09:10:45.993              346.38247678              8313.179443               347.38247678              1734023445.994            0                         963                       1.4000110743E+02          4.5000694497E+01          1.8669794189E+01          4.5014847707E+01          4.5005054890E+01          4.7000000000E+01          0.0000000000E+00          5.1567698528E+04          0.0000000000E+00          3.3601391384E-01          3.3520647141E-01          3.3672068099E-01          3.3704766796E-01          3.3995090721E-01          3.3912154362E-01          3.4063880278E-01          3.4095999275E-01          4.3677817474E+02          4.4186367836E+02          2.0582754213E+00          2.0759023255E+00          6.5902307669E-01          -2.3225856847E-02         0.0000000000E+00          6.7438588157E-01          5.9106968357E+01          7.3977699761E-01          3.9603908913E+01          4.4830070293E+02          -1.3618710884E-02         
2024-12-12                09:10:46.298              346.38248030              8313.179527               347.38248030              1734023446.298            0                         963                       1.3999978638E+02          4.5000602722E+01          1.8625000000E+01          4.5014823914E+01          4.5005058289E+01          2.5000000000E+01          0.0000000000E+00          5.1567734375E+04          0.0000000000E+00          3.3466170253E-01          3.3521919655E-01          3.3669673938E-01          3.3704339846E-01          3.3858774585E-01          3.3913528455E-01          3.4061495328E-01          3.4095524633E-01          4.3693580148E+02          4.4202947682E+02          2.0582799700E+00          2.0759288805E+00          6.5983821084E-01          -2.5835208823E-02         0.0000000000E+00          6.7438588157E-01          5.9106968357E+01          7.3977699761E-01          3.9603908913E+01          4.4831720707E+02          -1.3618710884E-02         
2024-12-12                09:10:47.290              346.38249179              8313.179803               347.38249179              1734023447.291            0                         963                       1.4000035897E+02          4.5000602722E+01          1.8625000000E+01          4.5014823914E+01          4.5005058289E+01          4.7000000000E+01          0.0000000000E+00          5.1567820842E+04          0.0000000000E+00          3.3024477933E-01          3.3511461813E-01          3.3660965137E-01          3.3702874324E-01          3.3413478195E-01          3.3903066374E-01          3.4052808002E-01          3.4094002031E-01          4.3745068169E+02          4.4257108454E+02          2.0583506336E+00          2.0760719116E+00          6.6250108784E-01          -3.4358587914E-02         0.0000000000E+00          6.6317710698E-01          5.9106968357E+01          7.5151885447E-01          3.9603908913E+01          4.4831720707E+02          -1.3618710884E-02         
2024-12-12                09:10:48.026              346.38250030              8313.180007               347.38250030              1734023448.026            0                         963                       1.4000035897E+02          4.5000602722E+01          1.8625000000E+01          4.5014823914E+01          4.5005058289E+01          4.7000000000E+01          0.0000000000E+00          5.1567820842E+04          0.0000000000E+00          3.3026312834E-01          3.3496239552E-01          3.3648583348E-01          3.3702621111E-01          3.3416502373E-01          3.3887794875E-01          3.4040385052E-01          3.4093653922E-01          4.3783168506E+02          4.4297190445E+02          2.0584029481E+00          2.0761778049E+00          6.6447237943E-01          -4.0644205609E-02         0.0000000000E+00          6.6317710698E-01          5.9106968357E+01          7.5151885447E-01          3.9603908913E+01          4.4831720707E+02          -1.3618710884E-02         
2024-12-12                09:10:48.588              346.38250681              8313.180163               347.38250681              1734023448.588            0                         963                       1.3999833679E+02          4.5000602722E+01          1.8625000000E+01          4.5014823914E+01          4.5005058289E+01          2.0000000000E+00          0.0000000000E+00          5.1567261719E+04          0.0000000000E+00          3.3129485742E-01          3.3483398880E-01          3.3642547329E-01          3.3701275723E-01          3.3521789860E-01          3.3874941596E-01          3.4034354875E-01          3.4092311518E-01          4.3812297873E+02          4.4327836980E+02          2.0584429524E+00          2.0762587846E+00          6.6597983990E-01          -4.5443161203E-02         0.0000000000E+00          6.6317710698E-01          5.9106968357E+01          7.5151885447E-01          4.0386900405E+01          4.4831720707E+02          -5.6271419488E-02         
2024-12-12                09:10:49.223              346.38251417              8313.180340               347.38251417              1734023449.224            0                         963                       1.3999790064E+02          4.5000602722E+01          1.8625000000E+01          4.5014823914E+01          4.5005058289E+01          4.6000000000E+01          0.0000000000E+00          5.1567143717E+04          0.0000000000E+00          3.3243485269E-01          3.3473596414E-01          3.3629072104E-01          3.3701662879E-01          3.3636249253E-01          3.3865132193E-01          3.4020863499E-01          3.4092665624E-01          4.3845263229E+02          4.4360014191E+02          2.0584882248E+00          2.0762642103E+00          6.6448729307E-01          -2.6611534786E-02         0.0000000000E+00          6.6317710698E-01          5.9451004977E+01          7.5151885447E-01          4.0386900405E+01          4.4831720707E+02          -5.6271419488E-02         
2024-12-12                09:10:50.224              346.38252575              8313.180618               347.38252575              1734023450.225            0                         963                       1.3999959551E+02          4.5000745482E+01          1.8625000000E+01          4.5014883397E+01          4.5005046392E+01          4.7000000000E+01          0.0000000000E+00          5.1567278999E+04          0.0000000000E+00          3.3422849878E-01          3.3468408445E-01          3.3624461921E-01          3.3703578188E-01          3.3816327455E-01          3.3859965202E-01          3.4016287015E-01          3.4094507110E-01          4.3882093588E+02          4.4395431078E+02          2.0585596009E+00          2.0762729975E+00          6.6214283758E-01          3.0238139312E-03          0.0000000000E+00          6.7112820835E-01          5.9451004977E+01          7.5252456238E-01          4.0386900405E+01          4.4831720707E+02          -5.6271419488E-02         
2024-12-12                09:10:50.963              346.38253431              8313.180823               347.38253431              1734023450.964            0                         963                       1.3999959551E+02          4.5000745482E+01          1.8625000000E+01          4.5014883397E+01          4.5005046392E+01          4.7000000000E+01          0.0000000000E+00          5.1567278999E+04          0.0000000000E+00          3.3421446067E-01          3.3463889326E-01          3.3622436335E-01          3.3702870583E-01          3.3813869817E-01          3.3855460166E-01          3.4014313348E-01          3.4093746186E-01          4.3909288156E+02          4.4421580499E+02          2.0586122908E+00          2.0762794856E+00          6.6041222887E-01          2.4893003295E-02          0.0000000000E+00          6.7112820835E-01          5.9451004977E+01          7.5252456238E-01          4.0386900405E+01          4.4831720707E+02          -5.6271419488E-02         
2024-12-12                09:10:51.266              346.38253780              8313.180907               347.38253780              1734023451.266            0                         963                       1.3999923706E+02          4.5000968933E+01          1.8625000000E+01          4.5014976501E+01          4.5005027771E+01          2.5000000000E+01          0.0000000000E+00          5.1567082031E+04          0.0000000000E+00          3.3394444763E-01          3.3458753767E-01          3.3619785270E-01          3.3702146578E-01          3.3786127985E-01          3.3850328734E-01          3.4011660030E-01          3.4093024078E-01          4.3920402313E+02          4.4432267142E+02          2.0586338222E+00          2.0762821374E+00          6.5970504984E-01          3.3828206767E-02          0.0000000000E+00          6.7112820835E-01          5.9451004977E+01          7.5252456238E-01          4.0386900405E+01          4.4839364376E+02          -5.6271419488E-02         
2024-12-12                09:10:52.243              346.38254912              8313.181179               347.38254912              1734023452.244            0                         963                       1.4000021687E+02          4.5000968933E+01          1.8641949153E+01          4.5014976501E+01          4.5005027771E+01          4.7000000000E+01          0.0000000000E+00          5.1567117490E+04          0.0000000000E+00          3.3307003260E-01          3.3452804272E-01          3.3614864464E-01          3.3701089736E-01          3.3696293218E-01          3.3844344824E-01          3.4006779329E-01          3.4091848411E-01          4.3956394449E+02          4.4466873175E+02          2.0586549902E+00          2.0762417611E+00          6.5741511964E-01          6.2764123716E-02          0.0000000000E+00          6.6862399476E-01          5.9451004977E+01          7.4282208071E-01          4.0386900405E+01          4.4839364376E+02          -5.6271419488E-02         
2024-12-12                09:10:52.984              346.38255770              8313.181385               347.38255770              1734023452.985            0                         963                       1.4000021687E+02          4.5000968933E+01          1.8641949153E+01          4.5014976501E+01          4.5005027771E+01          4.7000000000E+01          0.0000000000E+00          5.1567117490E+04          0.0000000000E+00          3.3305595680E-01          3.3450888684E-01          3.3603593751E-01          3.3700039339E-01          3.3693833111E-01          3.3842427350E-01          3.3995421448E-01          3.4090732746E-01          4.3983662567E+02          4.4493089396E+02          2.0586710306E+00          2.0762111785E+00          6.5568032380E-01          8.4692543956E-02          0.0000000000E+00          6.6862399476E-01          5.9451004977E+01          7.4282208071E-01          4.0386900405E+01          4.4839364376E+02          -5.6271419488E-02         
2024-12-12                09:10:53.545              346.38256418              8313.181540               347.38256418              1734023453.545            0                         963                       1.3999942675E+02          4.5000968933E+01          1.8671446918E+01          4.5014976501E+01          4.5005027771E+01          2.0000000000E+00          0.0000000000E+00          5.1566968737E+04          0.0000000000E+00          3.3557634347E-01          3.3454845884E-01          3.3595290941E-01          3.3699705055E-01          3.3948020667E-01          3.3846439803E-01          3.3987057218E-01          3.4090397741E-01          4.4004262251E+02          4.4512893085E+02          2.0586831612E+00          2.0761880785E+00          6.5436940031E-01          1.0128251146E-01          0.0000000000E+00          6.6862399476E-01          5.9451004977E+01          7.4282208071E-01          3.9713309484E+01          4.4839364376E+02          9.0376705211E-02          
2024-12-12                09:10:54.155              346.38257125              8313.181710               347.38257125              1734023454.156            0                         963                       1.3999959437E+02          4.5000968933E+01          1.8687500000E+01          4.5014976501E+01          4.5005027771E+01          4.6000000000E+01          0.0000000000E+00          5.1567019287E+04          0.0000000000E+00          3.3834825036E-01          3.3464187644E-01          3.3592989001E-01          3.3699841016E-01          3.4229099090E-01          3.3855920290E-01          3.3984771574E-01          3.4090480904E-01          4.4026737511E+02          4.4536484181E+02          2.0586963957E+00          2.0762308945E+00          6.5546282147E-01          9.2843621674E-02          0.0000000000E+00          6.6862399476E-01          5.9693169335E+01          7.4282208071E-01          3.9713309484E+01          4.4839364376E+02          9.0376705211E-02          
2024-12-12                09:10:55.128              346.38258251              8313.181980               347.38258251              1734023455.129            0                         963                       1.4000121775E+02          4.5000747847E+01          1.8666918886E+01          4.5014966452E+01          4.5005007672E+01          4.7000000000E+01          0.0000000000E+00          5.1567250880E+04          0.0000000000E+00          3.4276120032E-01          3.3482554835E-01          3.3598753158E-01          3.3701223948E-01          3.4676611923E-01          3.3874536574E-01          3.3990656064E-01          3.4091766845E-01          4.4031241080E+02          4.4542416389E+02          2.0587177244E+00          2.0762995852E+00          6.5721333300E-01          7.9397165985E-02          0.0000000000E+00          6.8791628795E-01          5.9693169335E+01          7.4328382685E-01          3.9713309484E+01          4.4839364376E+02          9.0376705211E-02          
2024-12-12                09:10:55.862              346.38259101              8313.182184               347.38259101              1734023455.863            0                         963                       1.4000121775E+02          4.5000747847E+01          1.8666918886E+01          4.5014966452E+01          4.5005007672E+01          4.7000000000E+01          0.0000000000E+00          5.1567250880E+04          0.0000000000E+00          3.4277273987E-01          3.3499047402E-01          3.3609173598E-01          3.3704026793E-01          3.4678591134E-01          3.3891244734E-01          3.4001256668E-01          3.4094551132E-01          4.4034648650E+02          4.4546902132E+02          2.0587338034E+00          2.0763513976E+00          6.5853398336E-01          6.9230152761E-02          0.0000000000E+00          6.8791628795E-01          5.9693169335E+01          7.4328382685E-01          3.9713309484E+01          4.4839364376E+02          9.0376705211E-02          
2024-12-12                09:10:56.163              346.38259448              8313.182268               347.38259448              1734023456.163            0                         963                       1.3999909973E+02          4.5000297546E+01          1.8625000000E+01          4.5014945984E+01          4.5004966736E+01          2.5000000000E+01          0.0000000000E+00          5.1566968750E+04          0.0000000000E+00          3.4218184214E-01          3.3515391421E-01          3.3616255117E-01          3.3705233736E-01          3.4619140843E-01          3.3907787827E-01          3.4008441368E-01          3.4095782563E-01          4.4036043226E+02          4.4548737481E+02          2.0587403733E+00          2.0763725737E+00          6.5907378875E-01          6.5070489669E-02          0.0000000000E+00          6.8791628795E-01          5.9693169335E+01          7.4328382685E-01          3.9713309484E+01          4.4841673658E+02          9.0376705211E-02          
2024-12-12                09:10:57.157              346.38260598              8313.182544               347.38260598              1734023457.157            0                         963                       1.3999824583E+02          4.5000297546E+01          1.8680538741E+01          4.5014945984E+01          4.5004966736E+01          4.7000000000E+01          0.0000000000E+00          5.1566568080E+04          0.0000000000E+00          3.4022399589E-01          3.3522712762E-01          3.3625274998E-01          3.3708404615E-01          3.4422153627E-01          3.3915216984E-01          3.4017677448E-01          3.4098878971E-01          4.4040663801E+02          4.4554818829E+02          2.0586744301E+00          2.0763542877E+00          6.6086246571E-01          5.1288246480E-02          0.0000000000E+00          6.8236809583E-01          5.9693169335E+01          7.2790905626E-01          3.9713309484E+01          4.4841673658E+02          9.0376705211E-02          
2024-12-12                09:10:57.892              346.38261450              8313.182748               347.38261450              1734023457.893            0                         963                       1.3999824583E+02          4.5000297546E+01          1.8680538741E+01          4.5014945984E+01          4.5004966736E+01          4.7000000000E+01          0.0000000000E+00          5.1566568080E+04          0.0000000000E+00          3.4023556373E-01          3.3524802584E-01          3.3628243815E-01          3.3709592886E-01          3.4424132218E-01          3.3917340427E-01          3.4020758873E-01          3.4100033357E-01          4.4044080569E+02          4.4559317507E+02          2.0586256077E+00          2.0763407554E+00          6.6218700479E-01          4.1093609593E-02          0.0000000000E+00          6.8236809583E-01          5.9693169335E+01          7.2790905626E-01          3.9713309484E+01          4.4841673658E+02          9.0376705211E-02          
2024-12-12                09:10:58.454              346.38262101              8313.182904               347.38262101              1734023458.455            0                         963                       1.3999639412E+02          4.5000297546E+01          1.8687500000E+01          4.5014945984E+01          4.5004966736E+01          2.0000000000E+00          0.0000000000E+00          5.1566010381E+04          0.0000000000E+00          3.3933456051E-01          3.3524766640E-01          3.3631792794E-01          3.3710118386E-01          3.4333586765E-01          3.3917304171E-01          3.4024396406E-01          3.4100581605E-01          4.4046692372E+02          4.4562755671E+02          2.0585883247E+00          2.0763304209E+00          6.6319847657E-01          3.3302689722E-02          0.0000000000E+00          6.8236809583E-01          5.9693169335E+01          7.2790905626E-01          4.0228823349E+01          4.4841673658E+02          2.2359693627E-02          
2024-12-12                09:10:59.095              346.38262843              8313.183082               347.38262843              1734023459.096            0                         963                       1.3999549866E+02          4.5000297546E+01          1.8687500000E+01          4.5014945984E+01          4.5004966736E+01          4.6000000000E+01          0.0000000000E+00          5.1565632812E+04          0.0000000000E+00          3.3829059496E-01          3.3526378234E-01          3.3631282253E-01          3.3709987622E-01          3.4227431287E-01          3.3918904687E-01          3.4023989313E-01          3.4100401999E-01          4.4049671001E+02          4.4565083443E+02          2.0585457999E+00          2.0762640752E+00          6.6232817860E-01          2.1437426083E-04          0.0000000000E+00          6.8236809583E-01          5.9723771596E+01          7.2790905626E-01          4.0228823349E+01          4.4841673658E+02          2.2359693627E-02          
2024-12-12                09:11:00.094              346.38263998              8313.183359               347.38263998              1734023460.094            0                         963                       1.3999539887E+02          4.4999908650E+01          1.8687500000E+01          4.5014843643E+01          4.5005028140E+01          4.7000000000E+01          0.0000000000E+00          5.1565144106E+04          0.0000000000E+00          3.3666073247E-01          3.3528638144E-01          3.3631000859E-01          3.3709249397E-01          3.4061727764E-01          3.3921157301E-01          3.4023762292E-01          3.4099544446E-01          4.3940945097E+02          4.4454067454E+02          2.0584805086E+00          2.0761626000E+00          6.6100631695E-01          -5.1330359154E-02         0.0000000000E+00          6.7613636909E-01          5.9723771596E+01          7.5808941700E-01          4.0228823349E+01          4.4841673658E+02          2.2359693627E-02          
2024-12-12                09:11:00.829              346.38264850              8313.183564               347.38264850              1734023460.830            0                         963                       1.3999539887E+02          4.4999908650E+01          1.8687500000E+01          4.5014843643E+01          4.5005028140E+01          4.7000000000E+01          0.0000000000E+00          5.1565144106E+04          0.0000000000E+00          3.3665027825E-01          3.3537874494E-01          3.3631517987E-01          3.3709531501E-01          3.4060081547E-01          3.3930477742E-01          3.4024325038E-01          3.4099781245E-01          4.3860758794E+02          4.4372195552E+02          2.0584323617E+00          2.0760877724E+00          6.6003154601E-01          -8.9334890535E-02         0.0000000000E+00          6.7613636909E-01          5.9723771596E+01          7.5808941700E-01          4.0228823349E+01          4.4841673658E+02          2.2359693627E-02          
2024-12-12                09:11:01.130              346.38265197              8313.183647               347.38265197              1734023461.130            0                         963                       1.3999688721E+02          4.4999717712E+01          1.8687500000E+01          4.5014793396E+01          4.5005058289E+01          2.5000000000E+01          0.0000000000E+00          5.1564906250E+04          0.0000000000E+00          3.3535018892E-01          3.3544113698E-01          3.3630395905E-01          3.3709121847E-01          3.3928308172E-01          3.3936777579E-01          3.4023208563E-01          3.4099378726E-01          4.3828078154E+02          4.4338828701E+02          2.0584127324E+00          2.0760572687E+00          6.5963423643E-01          -1.0483502320E-01         0.0000000000E+00          6.7613636909E-01          5.9723771596E+01          7.5808941700E-01          4.0228823349E+01          4.4834597138E+02          2.2359693627E-02          
2024-12-12                09:11:02.107              346.38266328              8313.183919               347.38266328              1734023462.107            0                         963                       1.3999681320E+02          4.4999717712E+01          1.8687500000E+01          4.5014793396E+01          4.5005058289E+01          4.7000000000E+01          0.0000000000E+00          5.1564552172E+04          0.0000000000E+00          3.3111623593E-01          3.3541367537E-01          3.3623688671E-01          3.3708648411E-01          3.3499179582E-01          3.3933975773E-01          3.4016448620E-01          3.4098789302E-01          4.3721648322E+02          4.4230167364E+02          2.0584392509E+00          2.0760491405E+00          6.5834040290E-01          -1.5531389912E-01         0.0000000000E+00          6.6419761768E-01          5.9723771596E+01          7.2414324949E-01          4.0228823349E+01          4.4834597138E+02          2.2359693627E-02          
2024-12-12                09:11:02.842              346.38267179              8313.184123               347.38267179              1734023462.843            0                         963                       1.3999681320E+02          4.4999717712E+01          1.8687500000E+01          4.5014793396E+01          4.5005058289E+01          4.7000000000E+01          0.0000000000E+00          5.1564552172E+04          0.0000000000E+00          3.3110578345E-01          3.3541498360E-01          3.3614309312E-01          3.3707957743E-01          3.3497543420E-01          3.3934094551E-01          3.4006957873E-01          3.4098039121E-01          4.3641462112E+02          4.4148303272E+02          2.0584592383E+00          2.0760430296E+00          6.5736579346E-01          -1.9331851378E-01         0.0000000000E+00          6.6419761768E-01          5.9723771596E+01          7.2414324949E-01          4.0228823349E+01          4.4834597138E+02          2.2359693627E-02          
2024-12-12                09:11:03.404              346.38267830              8313.184279               347.38267830              1734023463.405            0                         963                       1.3999720137E+02          4.4999717712E+01          1.8687500000E+01          4.5014793396E+01          4.5005058289E+01          2.0000000000E+00          0.0000000000E+00          5.1564418383E+04          0.0000000000E+00          3.2973613416E-01          3.3538470500E-01          3.3606859360E-01          3.3706233930E-01          3.3358537905E-01          3.3931024820E-01          3.3999418106E-01          3.4096303202E-01          4.3580237163E+02          4.4085799062E+02          2.0584744960E+00          2.0760383601E+00          6.5662163218E-01          -2.2234796219E-01         0.0000000000E+00          6.6419761768E-01          5.9723771596E+01          7.2414324949E-01          3.9837163156E+01          4.4834597138E+02          -2.3310763887E-01         
2024-12-12                09:11:04.043              346.38268569              8313.184457               347.38268569              1734023464.044            0                         963                       1.3999626160E+02          4.4999717712E+01          1.8687500000E+01          4.5014793396E+01          4.5005058289E+01          4.6000000000E+01          0.0000000000E+00          5.1563730469E+04          0.0000000000E+00          3.2818325418E-01          3.3526370565E-01          3.3588303129E-01          3.3705138125E-01          3.3201379249E-01          3.3918789104E-01          3.3980610234E-01          3.4095141864E-01          4.3510624698E+02          4.4015315339E+02          2.0584918462E+00          2.0760531987E+00          6.5652301920E-01          -1.9097363619E-01         0.0000000000E+00          6.6419761768E-01          5.9004479498E+01          7.2414324949E-01          3.9837163156E+01          4.4834597138E+02          -2.3310763887E-01         
2024-12-12                09:11:05.039              346.38269721              8313.184733               347.38269721              1734023465.039            0                         963                       1.3999674940E+02          4.5000145993E+01          1.8687500000E+01          4.5014885170E+01          4.5005058289E+01          4.7000000000E+01          0.0000000000E+00          5.1563412596E+04          0.0000000000E+00          3.2577345244E-01          3.3502715445E-01          3.3568034203E-01          3.3704306990E-01          3.2957461404E-01          3.3894857498E-01          3.3960089209E-01          3.4094186129E-01          4.3610824462E+02          4.4116491560E+02          2.0585171748E+00          2.0760729635E+00          6.5630867057E-01          -1.4206825795E-01         0.0000000000E+00          6.5414854385E-01          5.9004479498E+01          7.4303137327E-01          3.9837163156E+01          4.4834597138E+02          -2.3310763887E-01         
2024-12-12                09:11:05.767              346.38270565              8313.184936               347.38270565              1734023465.768            0                         963                       1.3999674940E+02          4.5000145993E+01          1.8687500000E+01          4.5014885170E+01          4.5005058289E+01          4.7000000000E+01          0.0000000000E+00          5.1563412596E+04          0.0000000000E+00          3.2577417009E-01          3.3469562491E-01          3.3544058098E-01          3.3702003436E-01          3.2957442267E-01          3.3861310173E-01          3.3935829824E-01          3.4091801013E-01          4.3684231711E+02          4.4190613685E+02          2.0585357378E+00          2.0760874503E+00          6.5615162835E-01          -1.0622460224E-01         0.0000000000E+00          6.5414854385E-01          5.9004479498E+01          7.4303137327E-01          3.9837163156E+01          4.4834597138E+02          -2.3310763887E-01         
2024-12-12                09:11:06.059              346.38270902              8313.185016               347.38270902              1734023466.059            0                         963                       1.3999698518E+02          4.5000572205E+01          1.8687500000E+01          4.5014976501E+01          4.5005058289E+01          2.5000000000E+01          0.0000000000E+00          5.1563166324E+04          0.0000000000E+00          3.2886078007E-01          3.3443582691E-01          3.3536407167E-01          3.3700088118E-01          3.3269666594E-01          3.3835015108E-01          3.3928083740E-01          3.4089871120E-01          4.3713524682E+02          4.4220191799E+02          2.0585431577E+00          2.0760932432E+00          6.5608894356E-01          -9.1894835608E-02         0.0000000000E+00          6.5414854385E-01          5.9004479498E+01          7.4303137327E-01          3.9837163156E+01          4.4837380477E+02          -2.3310763887E-01         
2024-12-12                09:11:07.036              346.38272034              8313.185288               347.38272034              1734023467.037            0                         963                       1.3999682617E+02          4.5000572205E+01          1.8687500000E+01          4.5014976501E+01          4.5005058289E+01          4.7000000000E+01          0.0000000000E+00          5.1562694802E+04          0.0000000000E+00          3.3923433711E-01          3.3446732150E-01          3.3517463625E-01          3.3701484699E-01          3.4318992942E-01          3.3838184611E-01          3.3908940066E-01          3.4091165618E-01          4.3811973260E+02          4.4319598222E+02          2.0585949851E+00          2.0761398287E+00          6.5587827415E-01          -4.3735034233E-02         0.0000000000E+00          6.8144755857E-01          5.9004479498E+01          7.6139497086E-01          3.9837163156E+01          4.4837380477E+02          -2.3310763887E-01         
2024-12-12                09:11:07.778              346.38272891              8313.185494               347.38272891              1734023467.778            0                         963                       1.3999682617E+02          4.5000572205E+01          1.8687500000E+01          4.5014976501E+01          4.5005058289E+01          4.7000000000E+01          0.0000000000E+00          5.1562694802E+04          0.0000000000E+00          3.3923506827E-01          3.3465846030E-01          3.3516968238E-01          3.3702766993E-01          3.4318969811E-01          3.3857497975E-01          3.3908459907E-01          3.4092407280E-01          4.3886588887E+02          4.4394939365E+02          2.0586342276E+00          2.0761750990E+00          6.5571865215E-01          -7.3013843934E-03         0.0000000000E+00          6.8144755857E-01          5.9004479498E+01          7.6139497086E-01          3.9837163156E+01          4.4837380477E+02          -2.3310763887E-01         
2024-12-12                09:11:08.344              346.38273546              8313.185651               347.38273546              1734023468.344            0                         963                       1.3999698174E+02          4.5000572205E+01          1.8687500000E+01          4.5014976501E+01          4.5005058289E+01          2.0000000000E+00          0.0000000000E+00          5.1562257679E+04          0.0000000000E+00          3.4082968276E-01          3.3488663291E-01          3.3523549634E-01          3.3703659484E-01          3.4480215505E-01          3.3880552546E-01          3.3915108228E-01          3.4093317628E-01          4.3943577826E+02          4.4452482142E+02          2.0586642075E+00          2.0762020449E+00          6.5559672995E-01          2.0539089447E-02          0.0000000000E+00          6.8144755857E-01          5.9004479498E+01          7.6139497086E-01          3.9783789423E+01          4.4837380477E+02          9.6111844655E-03          
2024-12-12                09:11:08.951              346.38274250              8313.185820               347.38274250              1734023468.952            0                         963                       1.3999702454E+02          4.5000572205E+01          1.8687500000E+01          4.5014976501E+01          4.5005058289E+01          4.6000000000E+01          0.0000000000E+00          5.1562195312E+04          0.0000000000E+00          3.4254381182E-01          3.3514215845E-01          3.3526919765E-01          3.3706064130E-01          3.4653624960E-01          3.3906371456E-01          3.3918547374E-01          3.4095694917E-01          4.4004795571E+02          4.4514396067E+02          2.0586964119E+00          2.0762344697E+00          6.5559486379E-01          4.6959487042E-02          0.0000000000E+00          6.8144755857E-01          5.9663910175E+01          7.6139497086E-01          3.9783789423E+01          4.4837380477E+02          9.6111844655E-03          
2024-12-12                09:11:09.924              346.38275376              8313.186090               347.38275376              1734023469.925            0                         963                       1.3999715721E+02          4.5000631171E+01          1.8687500000E+01          4.5014829086E+01          4.5005058289E+01          4.7000000000E+01          0.0000000000E+00          5.1561854807E+04          0.0000000000E+00          3.4528365535E-01          3.3544792933E-01          3.3533728731E-01          3.3709918009E-01          3.4930815782E-01          3.3937282703E-01          3.3925520268E-01          3.4099474899E-01          4.4018336273E+02          4.4528108087E+02          2.0587486326E+00          2.0762877122E+00          6.5561648374E-01          8.9219859606E-02          0.0000000000E+00          6.9286411747E-01          5.9663910175E+01          7.3979719218E-01          3.9783789423E+01          4.4837380477E+02          9.6111844655E-03          
2024-12-12                09:11:10.660              346.38276227              8313.186294               347.38276227              1734023470.660            0                         963                       1.3999715721E+02          4.5000631171E+01          1.8687500000E+01          4.5014829086E+01          4.5005058289E+01          4.7000000000E+01          0.0000000000E+00          5.1561854807E+04          0.0000000000E+00          3.4528330171E-01          3.3573151746E-01          3.3546947737E-01          3.3711839164E-01          3.4930790115E-01          3.3965964854E-01          3.3938929451E-01          3.4101426343E-01          4.4028571241E+02          4.4538472544E+02          2.0587880733E+00          2.0763279246E+00          6.5563281375E-01          1.2112853765E-01          0.0000000000E+00          6.9286411747E-01          5.9663910175E+01          7.3979719218E-01          3.9783789423E+01          4.4837380477E+02          9.6111844655E-03          
2024-12-12                09:11:10.967              346.38276582              8313.186380               347.38276582              1734023470.967            0                         963                       1.3999716187E+02          4.5000633240E+01          1.8687500000E+01          4.5014823914E+01          4.5005058289E+01          2.5000000000E+01          0.0000000000E+00          5.1561730469E+04          0.0000000000E+00          3.4355603635E-01          3.3590934744E-01          3.3556350713E-01          3.3713115233E-01          3.4756054665E-01          3.3983921440E-01          3.3948430907E-01          3.4102660987E-01          4.4032851576E+02          4.4542807028E+02          2.0588045415E+00          2.0763447151E+00          6.5563963324E-01          1.3444417773E-01          0.0000000000E+00          6.9286411747E-01          5.9663910175E+01          7.3979719218E-01          3.9783789423E+01          4.4843051926E+02          9.6111844655E-03          
2024-12-12                09:11:11.950              346.38277720              8313.186653               347.38277720              1734023471.950            0                         963                       1.3999554824E+02          4.5000633240E+01          1.8687500000E+01          4.5014823914E+01          4.5005058289E+01          4.7000000000E+01          0.0000000000E+00          5.1561109082E+04          0.0000000000E+00          3.3802541465E-01          3.3606642248E-01          3.3561699581E-01          3.3713092563E-01          3.4196559762E-01          3.3999858159E-01          3.3953924569E-01          3.4102581782E-01          4.4046557086E+02          4.4556685926E+02          2.0589081722E+00          2.0764498057E+00          6.5566147167E-01          1.7708018781E-01          0.0000000000E+00          6.7989223047E-01          5.9663910175E+01          7.9141989809E-01          3.9783789423E+01          4.4843051926E+02          9.6111844655E-03          
2024-12-12                09:11:12.690              346.38278578              8313.186859               347.38278578              1734023472.691            0                         963                       1.3999554824E+02          4.5000633240E+01          1.8687500000E+01          4.5014823914E+01          4.5005058289E+01          4.7000000000E+01          0.0000000000E+00          5.1561109082E+04          0.0000000000E+00          3.3802506051E-01          3.3608043463E-01          3.3561626429E-01          3.3713619034E-01          3.4196533915E-01          3.4001299525E-01          3.3953886018E-01          3.4102994408E-01          4.4056875655E+02          4.4567135062E+02          2.0589863041E+00          2.0765290383E+00          6.5567793709E-01          2.0924929798E-01          0.0000000000E+00          6.7989223047E-01          5.9663910175E+01          7.9141989809E-01          3.9783789423E+01          4.4843051926E+02          9.6111844655E-03          
2024-12-12                09:11:13.250              346.38279226              8313.187014               347.38279226              1734023473.251            0                         963                       1.3999463366E+02          4.5000633240E+01          1.8687500000E+01          4.5014823914E+01          4.5005058289E+01          2.0000000000E+00          0.0000000000E+00          5.1560431467E+04          0.0000000000E+00          3.3768521280E-01          3.3608672065E-01          3.3564032183E-01          3.3713747912E-01          3.4162160561E-01          3.4001970378E-01          3.3956307815E-01          3.4103133296E-01          4.4064674811E+02          4.4575032907E+02          2.0590453500E+00          2.0765889161E+00          6.5569038034E-01          2.3355823711E-01          0.0000000000E+00          6.7989223047E-01          5.9663910175E+01          7.9141989809E-01          3.9791507133E+01          4.4843051926E+02          2.2262299604E-01          
2024-12-12                09:11:13.867              346.38279939              8313.187185               347.38279939              1734023473.867            0                         963                       1.3999841309E+02          4.5000633240E+01          1.8687500000E+01          4.5014823914E+01          4.5005058289E+01          4.6000000000E+01          0.0000000000E+00          5.1560523438E+04          0.0000000000E+00          3.3730978671E-01          3.3609302992E-01          3.3563126393E-01          3.3714525134E-01          3.4124048931E-01          3.4002648865E-01          3.3955424553E-01          3.4103864808E-01          4.4073253707E+02          4.4583538461E+02          2.0591103001E+00          2.0766485545E+00          6.5547309174E-01          2.4825887728E-01          0.0000000000E+00          6.7989223047E-01          5.9755228190E+01          7.9141989809E-01          3.9791507133E+01          4.4843051926E+02          2.2262299604E-01          
2024-12-12                09:11:14.864              346.38281093              8313.187462               347.38281093              1734023474.864            0                         963                       1.3999949809E+02          4.5001153295E+01          1.8718825666E+01          4.5014823914E+01          4.5005012401E+01          4.7000000000E+01          0.0000000000E+00          5.1560445454E+04          0.0000000000E+00          3.3670352241E-01          3.3609472304E-01          3.3562410436E-01          3.3715701745E-01          3.4062497656E-01          3.4002830869E-01          3.3954772183E-01          3.4104937511E-01          4.4121781375E+02          4.4632333840E+02          2.0592151420E+00          2.0767445244E+00          6.5511131852E-01          2.7206055695E-01          0.0000000000E+00          6.7663022879E-01          5.9755228190E+01          7.6888266448E-01          3.9791507133E+01          4.4843051926E+02          2.2262299604E-01          
2024-12-12                09:11:15.601              346.38281947              8313.187667               347.38281947              1734023475.602            0                         963                       1.3999949809E+02          4.5001153295E+01          1.8718825666E+01          4.5014823914E+01          4.5005012401E+01          4.7000000000E+01          0.0000000000E+00          5.1560445454E+04          0.0000000000E+00          3.3670227119E-01          3.3611116031E-01          3.3565463824E-01          3.3715594997E-01          3.4062209402E-01          3.4004462931E-01          3.3957875916E-01          3.4104837210E-01          4.4157701179E+02          4.4668451402E+02          2.0592927496E+00          2.0768155643E+00          6.5484353199E-01          2.8968221382E-01          0.0000000000E+00          6.7663022879E-01          5.9755228190E+01          7.6888266448E-01          3.9791507133E+01          4.4843051926E+02          2.2262299604E-01          
2024-12-12                09:11:15.904              346.38282296              8313.187751               347.38282296              1734023475.904            0                         963                       1.4000129218E+02          4.5001670837E+01          1.8713815789E+01          4.5014823914E+01          4.5004966736E+01          2.5000000000E+01          0.0000000000E+00          5.1560601562E+04          0.0000000000E+00          3.3639147827E-01          3.3611753118E-01          3.3566320614E-01          3.3715303866E-01          3.4030702225E-01          3.4005059279E-01          3.3958722734E-01          3.4104487595E-01          4.4172401025E+02          4.4683232088E+02          2.0593245067E+00          2.0768446338E+00          6.5473395098E-01          2.9689105195E-01          0.0000000000E+00          6.7663022879E-01          5.9755228190E+01          7.6888266448E-01          3.9791507133E+01          4.4854250535E+02          2.2262299604E-01          
2024-12-12                09:11:16.875              346.38283421              8313.188021               347.38283421              1734023476.876            0                         963                       1.4000044095E+02          4.5001670837E+01          1.8687500000E+01          4.5014823914E+01          4.5004966736E+01          4.7000000000E+01          0.0000000000E+00          5.1560416711E+04          0.0000000000E+00          3.3539117519E-01          3.3613690536E-01          3.3568906742E-01          3.3714779854E-01          3.3929295580E-01          3.4006931129E-01          3.3961369581E-01          3.4103902375E-01          4.4219713052E+02          4.4730803921E+02          2.0593821755E+00          2.0768932778E+00          6.5438126233E-01          3.2009306225E-01          0.0000000000E+00          6.7333326040E-01          5.9755228190E+01          7.4450158398E-01          3.9791507133E+01          4.4854250535E+02          2.2262299604E-01          
2024-12-12                09:11:17.611              346.38284273              8313.188226               347.38284273              1734023477.612            0                         963                       1.4000044095E+02          4.5001670837E+01          1.8687500000E+01          4.5014823914E+01          4.5004966736E+01          4.7000000000E+01          0.0000000000E+00          5.1560416711E+04          0.0000000000E+00          3.3538992555E-01          3.3625655993E-01          3.3567237595E-01          3.3715843404E-01          3.3929008564E-01          3.4018920207E-01          3.3959673484E-01          3.4104860815E-01          4.4255535466E+02          4.4766822651E+02          2.0594258448E+00          2.0769301134E+00          6.5411421154E-01          3.3766700516E-01          0.0000000000E+00          6.7333326040E-01          5.9755228190E+01          7.4450158398E-01          3.9791507133E+01          4.4854250535E+02          2.2262299604E-01          
2024-12-12                09:11:18.177              346.38284928              8313.188383               347.38284928              1734023478.178            0                         963                       1.3999898843E+02          4.5001670837E+01          1.8687500000E+01          4.5014823914E+01          4.5004966736E+01          2.0000000000E+00          0.0000000000E+00          5.1560015143E+04          0.0000000000E+00          3.3787255372E-01          3.3643352331E-01          3.3569795941E-01          3.3716011038E-01          3.4180033692E-01          3.4036676749E-01          3.3962235812E-01          3.4105037277E-01          4.4283076028E+02          4.4794513873E+02          2.0594594355E+00          2.0769584489E+00          6.5390884857E-01          3.5119929620E-01          0.0000000000E+00          6.7333326040E-01          5.9755228190E+01          7.4450158398E-01          3.9691415078E+01          4.4854250535E+02          3.4020909477E-01          
2024-12-12                09:11:18.793              346.38285641              8313.188554               347.38285641              1734023478.794            0                         963                       1.3999944305E+02          4.5001670837E+01          1.8687500000E+01          4.5014823914E+01          4.5004966736E+01          4.6000000000E+01          0.0000000000E+00          5.1560077148E+04          0.0000000000E+00          3.4058524173E-01          3.3664957876E-01          3.3574178378E-01          3.3718830582E-01          3.4454994462E-01          3.4058379182E-01          3.3966660389E-01          3.4107833776E-01          4.4313048712E+02          4.4825525662E+02          2.0594959921E+00          2.0770190973E+00          6.5479101177E-01          3.1558944995E-01          0.0000000000E+00          6.7333326040E-01          6.0075200306E+01          7.4450158398E-01          3.9691415078E+01          4.4854250535E+02          3.4020909477E-01          
2024-12-12                09:11:19.769              346.38286771              8313.188825               347.38286771              1734023479.770            0                         963                       1.4000077931E+02          4.5001189354E+01          1.8687500000E+01          4.5014797165E+01          4.5004886489E+01          4.7000000000E+01          0.0000000000E+00          5.1560353237E+04          0.0000000000E+00          3.4487885333E-01          3.3693897412E-01          3.3583015317E-01          3.3724641081E-01          3.4890237939E-01          3.4087541710E-01          3.3975605526E-01          3.4113590240E-01          4.4248491630E+02          4.4761364734E+02          2.0595548194E+00          2.0771169897E+00          6.5622147873E-01          2.5914084534E-01          0.0000000000E+00          6.9262467542E-01          6.0075200306E+01          7.6040469962E-01          3.9691415078E+01          4.4854250535E+02          3.4020909477E-01          
2024-12-12                09:11:20.512              346.38287630              8313.189031               347.38287630              1734023480.512            0                         963                       1.4000077931E+02          4.5001189354E+01          1.8687500000E+01          4.5014797165E+01          4.5004886489E+01          4.7000000000E+01          0.0000000000E+00          5.1560353237E+04          0.0000000000E+00          3.4488718412E-01          3.3718685052E-01          3.3593285320E-01          3.3726434690E-01          3.4891753355E-01          3.4112551614E-01          3.3986007491E-01          3.4115416914E-01          4.4199422407E+02          4.4712594729E+02          2.0595995321E+00          2.0771914058E+00          6.5730906602E-01          2.1620302188E-01          0.0000000000E+00          6.9262467542E-01          6.0075200306E+01          7.6040469962E-01          3.9691415078E+01          4.4854250535E+02          3.4020909477E-01          
2024-12-12                09:11:20.812              346.38287978              8313.189115               347.38287978              1734023480.813            0                         963                       1.3999983456E+02          4.5001121521E+01          1.8687500000E+01          4.5014793396E+01          4.5004875183E+01          2.5000000000E+01          0.0000000000E+00          5.1560231908E+04          0.0000000000E+00          3.4220011944E-01          3.3730078845E-01          3.3600572839E-01          3.3729427562E-01          3.4620177801E-01          3.4124088573E-01          3.3993381565E-01          3.4118388966E-01          4.4179525258E+02          4.4692818545E+02          2.0596176616E+00          2.0772215857E+00          6.5775027547E-01          1.9876583985E-01          0.0000000000E+00          6.9262467542E-01          6.0075200306E+01          7.6040469962E-01          3.9691415078E+01          4.4860551285E+02          3.4020909477E-01          
2024-12-12                09:11:21.811              346.38289133              8313.189392               347.38289133              1734023481.811            0                         963                       1.4000069500E+02          4.5001121521E+01          1.8687500000E+01          4.5014793396E+01          4.5004875183E+01          4.7000000000E+01          0.0000000000E+00          5.1560426878E+04          0.0000000000E+00          3.3329084184E-01          3.3735736338E-01          3.3597649917E-01          3.3730326729E-01          3.3719706900E-01          3.4129758286E-01          3.3990472242E-01          3.4119243448E-01          4.4113553809E+02          4.4627246057E+02          2.0595501592E+00          2.0771929637E+00          6.5921323372E-01          1.4095102019E-01          0.0000000000E+00          6.6997319041E-01          6.0075200306E+01          7.7620844539E-01          3.9691415078E+01          4.4860551285E+02          3.4020909477E-01          
2024-12-12                09:11:22.558              346.38289998              8313.189599               347.38289998              1734023482.558            0                         963                       1.4000069500E+02          4.5001121521E+01          1.8687500000E+01          4.5014793396E+01          4.5004875183E+01          4.7000000000E+01          0.0000000000E+00          5.1560426878E+04          0.0000000000E+00          3.3329922602E-01          3.3736269346E-01          3.3596967054E-01          3.3731464170E-01          3.3721209714E-01          3.4130337740E-01          3.3989824303E-01          3.4120266831E-01          4.4064153801E+02          4.4578142323E+02          2.0594996554E+00          2.0771715637E+00          6.6030834389E-01          9.7723975040E-02          0.0000000000E+00          6.6997319041E-01          6.0075200306E+01          7.7620844539E-01          3.9691415078E+01          4.4860551285E+02          3.4020909477E-01          
2024-12-12                09:11:23.121              346.38290649              8313.189756               347.38290649              1734023483.121            0                         963                       1.3999939733E+02          4.5001121521E+01          1.8687500000E+01          4.5014793396E+01          4.5004875183E+01          2.0000000000E+00          0.0000000000E+00          5.1560303390E+04          0.0000000000E+00          3.3471187947E-01          3.3740120329E-01          3.3595504507E-01          3.3730853193E-01          3.3864628810E-01          3.4134309733E-01          3.3988368541E-01          3.4119666741E-01          4.4026917601E+02          4.4541128172E+02          2.0594615963E+00          2.0771554404E+00          6.6113375730E-01          6.5154491411E-02          0.0000000000E+00          6.6997319041E-01          6.0075200306E+01          7.7620844539E-01          4.0108137534E+01          4.4860551285E+02          5.4250128851E-02          
2024-12-12                09:11:23.739              346.38291365              8313.189928               347.38291365              1734023483.739            0                         963                       1.3999758720E+02          4.5001121521E+01          1.8687500000E+01          4.5014793396E+01          4.5004875183E+01          4.6000000000E+01          0.0000000000E+00          5.1559997396E+04          0.0000000000E+00          3.3625608097E-01          3.3741701114E-01          3.3598273499E-01          3.3730460082E-01          3.4020966884E-01          3.4136006156E-01          3.3991222980E-01          3.4119214805E-01          4.3986043923E+02          4.4499918903E+02          2.0594198193E+00          2.0771179121E+00          6.6130445089E-01          3.8902931353E-02          0.0000000000E+00          6.6997319041E-01          5.9638862677E+01          7.7620844539E-01          4.0108137534E+01          4.4860551285E+02          5.4250128851E-02          
2024-12-12                09:11:24.739              346.38292522              8313.190205               347.38292522              1734023484.739            0                         963                       1.3999812576E+02          4.5001190684E+01          1.8687500000E+01          4.5014793396E+01          4.5004817547E+01          4.7000000000E+01          0.0000000000E+00          5.1559922395E+04          0.0000000000E+00          3.3875632911E-01          3.3742650134E-01          3.3604796396E-01          3.3730413296E-01          3.4274092030E-01          3.4137052504E-01          3.3997902570E-01          3.4119041338E-01          4.3958987170E+02          4.4472759149E+02          2.0593519029E+00          2.0770565604E+00          6.6156926333E-01          -3.5656212661E-03         0.0000000000E+00          6.7943492722E-01          5.9638862677E+01          7.2773636116E-01          4.0108137534E+01          4.4860551285E+02          5.4250128851E-02          
2024-12-12                09:11:25.474              346.38293374              8313.190410               347.38293374              1734023485.475            0                         963                       1.3999812576E+02          4.5001190684E+01          1.8687500000E+01          4.5014793396E+01          4.5004817547E+01          4.7000000000E+01          0.0000000000E+00          5.1559922395E+04          0.0000000000E+00          3.3875803667E-01          3.3733340451E-01          3.3608416514E-01          3.3730754588E-01          3.4274383206E-01          3.4127698348E-01          3.4001599546E-01          3.4119405990E-01          4.3939079064E+02          4.4452775143E+02          2.0593019104E+00          2.0770113993E+00          6.6176416657E-01          -3.4835465070E-02         0.0000000000E+00          6.7943492722E-01          5.9638862677E+01          7.2773636116E-01          4.0108137534E+01          4.4860551285E+02          5.4250128851E-02          
2024-12-12                09:11:25.782              346.38293729              8313.190495               347.38293729              1734023485.782            0                         963                       1.4000054932E+02          4.5001304626E+01          1.8687500000E+01          4.5014793396E+01          4.5004722595E+01          2.5000000000E+01          0.0000000000E+00          5.1560000000E+04          0.0000000000E+00          3.3809732518E-01          3.3735076635E-01          3.3610757398E-01          3.3730392612E-01          3.4207584034E-01          3.4129513931E-01          3.4003994714E-01          3.4118986802E-01          4.3930777043E+02          4.4444441444E+02          2.0592810555E+00          2.0769925595E+00          6.6184546468E-01          -4.7883401770E-02         0.0000000000E+00          6.7943492722E-01          5.9638862677E+01          7.2773636116E-01          4.0108137534E+01          4.4853274875E+02          5.4250128851E-02          
2024-12-12                09:11:26.766              346.38294869              8313.190769               347.38294869              1734023486.767            0                         963                       1.3999978981E+02          4.5001304626E+01          1.8687500000E+01          4.5014793396E+01          4.5004722595E+01          4.7000000000E+01          0.0000000000E+00          5.1559977858E+04          0.0000000000E+00          3.3597745539E-01          3.3708038588E-01          3.3610587158E-01          3.3729532922E-01          3.3993259921E-01          3.4102189324E-01          3.4003839031E-01          3.4118064682E-01          4.3904140314E+02          4.4417702927E+02          2.0592519205E+00          2.0769702108E+00          6.6210631191E-01          -8.9747349073E-02         0.0000000000E+00          6.7526998726E-01          5.9638862677E+01          7.7606176883E-01          4.0108137534E+01          4.4853274875E+02          5.4250128851E-02          
2024-12-12                09:11:27.505              346.38295723              8313.190974               347.38295723              1734023487.505            0                         963                       1.3999978981E+02          4.5001304626E+01          1.8687500000E+01          4.5014793396E+01          4.5004722595E+01          4.7000000000E+01          0.0000000000E+00          5.1559977858E+04          0.0000000000E+00          3.3597916980E-01          3.3698166899E-01          3.3610439830E-01          3.3727317687E-01          3.3993551146E-01          3.4092221824E-01          3.4003719404E-01          3.4115699236E-01          4.3884178149E+02          4.4397664287E+02          2.0592300966E+00          2.0769534715E+00          6.6230175267E-01          -1.2110219986E-01         0.0000000000E+00          6.7526998726E-01          5.9638862677E+01          7.7606176883E-01          4.0108137534E+01          4.4853274875E+02          5.4250128851E-02          
2024-12-12                09:11:28.072              346.38296380              8313.191131               347.38296380              1734023488.072            0                         963                       1.4000018499E+02          4.5001304626E+01          1.8687500000E+01          4.5014793396E+01          4.5004722595E+01          2.0000000000E+00          0.0000000000E+00          5.1560121254E+04          0.0000000000E+00          3.3517375711E-01          3.3686395256E-01          3.3605598920E-01          3.3726824865E-01          3.3912151805E-01          3.4080315303E-01          3.3998827865E-01          3.4115221425E-01          4.3868843849E+02          4.4382271169E+02          2.0592133269E+00          2.0769406081E+00          6.6245190932E-01          -1.4519760196E-01         0.0000000000E+00          6.7526998726E-01          5.9638862677E+01          7.7606176883E-01          4.0182107673E+01          4.4853274875E+02          -1.5606634425E-01         
2024-12-12                09:11:28.686              346.38297090              8313.191302               347.38297090              1734023488.686            0                         963                       1.4000062561E+02          4.5001304626E+01          1.8687500000E+01          4.5014793396E+01          4.5004722595E+01          4.6000000000E+01          0.0000000000E+00          5.1560199219E+04          0.0000000000E+00          3.3429367547E-01          3.3674672267E-01          3.3599719454E-01          3.3724576725E-01          3.3822709482E-01          3.4068434436E-01          3.3992869304E-01          3.4112895275E-01          4.3852238977E+02          4.4364955161E+02          2.0591951681E+00          2.0769044105E+00          6.6178862153E-01          -1.3804844039E-01         0.0000000000E+00          6.7526998726E-01          5.9460321386E+01          7.7606176883E-01          4.0182107673E+01          4.4853274875E+02          -1.5606634425E-01         
2024-12-12                09:11:29.658              346.38298216              8313.191572               347.38298216              1734023489.659            0                         963                       1.4000083380E+02          4.5000937529E+01          1.8743038741E+01          4.5014732213E+01          4.5004722595E+01          4.7000000000E+01          0.0000000000E+00          5.1560237033E+04          0.0000000000E+00          3.3290229084E-01          3.3662141327E-01          3.3594558165E-01          3.3720865843E-01          3.3681292046E-01          3.4055733523E-01          3.3987583267E-01          3.4109017936E-01          4.3908968811E+02          4.4421493809E+02          2.0591657200E+00          2.0768457208E+00          6.6071335985E-01          -1.2669862069E-01         0.0000000000E+00          6.6886405172E-01          5.9460321386E+01          7.6520416993E-01          4.0182107673E+01          4.4853274875E+02          -1.5606634425E-01         
2024-12-12                09:11:30.394              346.38299068              8313.191776               347.38299068              1734023490.395            0                         963                       1.4000083380E+02          4.5000937529E+01          1.8743038741E+01          4.5014732213E+01          4.5004722595E+01          4.7000000000E+01          0.0000000000E+00          5.1560237033E+04          0.0000000000E+00          3.3289699898E-01          3.3653388459E-01          3.3594815049E-01          3.3719853716E-01          3.3680271094E-01          3.4046862438E-01          3.3987829955E-01          3.4108011488E-01          4.3951877360E+02          4.4464256337E+02          2.0591434482E+00          2.0768013323E+00          6.5990005419E-01          -1.1810595261E-01         0.0000000000E+00          6.6886405172E-01          5.9460321386E+01          7.6520416993E-01          4.0182107673E+01          4.4853274875E+02          -1.5606634425E-01         
2024-12-12                09:11:30.697              346.38299419              8313.191861               347.38299419              1734023490.698            0                         963                       1.4000119581E+02          4.5000572205E+01          1.8750000000E+01          4.5014671326E+01          4.5004722595E+01          2.5000000000E+01          0.0000000000E+00          5.1560319696E+04          0.0000000000E+00          3.3217791144E-01          3.3643488520E-01          3.3590431050E-01          3.3718951083E-01          3.3607319295E-01          3.4036872821E-01          3.3983405413E-01          3.4107046757E-01          4.3969544365E+02          4.4481862910E+02          2.0591342770E+00          2.0767830564E+00          6.5956523973E-01          -1.1457354698E-01         0.0000000000E+00          6.6886405172E-01          5.9460321386E+01          7.6520416993E-01          4.0182107673E+01          4.4850127825E+02          -1.5606634425E-01         
2024-12-12                09:11:31.677              346.38300552              8313.192133               347.38300552              1734023491.677            0                         963                       1.3999855699E+02          4.5000572205E+01          1.8730326877E+01          4.5014671326E+01          4.5004722595E+01          4.7000000000E+01          0.0000000000E+00          5.1560045352E+04          0.0000000000E+00          3.2985452651E-01          3.3630206996E-01          3.3591365663E-01          3.3717503676E-01          3.3371616643E-01          3.4023386769E-01          3.3984322467E-01          3.4105530089E-01          4.4026626939E+02          4.4538748867E+02          2.0591566977E+00          2.0767765019E+00          6.5848349583E-01          -1.0316032639E-01         0.0000000000E+00          6.6164572353E-01          5.9460321386E+01          7.2355288435E-01          4.0182107673E+01          4.4850127825E+02          -1.5606634425E-01         
2024-12-12                09:11:32.411              346.38301402              8313.192336               347.38301402              1734023492.411            0                         963                       1.3999855699E+02          4.5000572205E+01          1.8730326877E+01          4.5014671326E+01          4.5004722595E+01          4.7000000000E+01          0.0000000000E+00          5.1560045352E+04          0.0000000000E+00          3.2984925197E-01          3.3627260521E-01          3.3584314029E-01          3.3716033990E-01          3.3370603312E-01          3.4020396623E-01          3.3977186198E-01          3.4103990300E-01          4.4069418941E+02          4.4581392029E+02          2.0591735132E+00          2.0767715947E+00          6.5767251213E-01          -9.4591055641E-02         0.0000000000E+00          6.6164572353E-01          5.9460321386E+01          7.2355288435E-01          4.0182107673E+01          4.4850127825E+02          -1.5606634425E-01         
2024-12-12                09:11:32.970              346.38302050              8313.192492               347.38302050              1734023492.971            0                         963                       1.3999855042E+02          4.5000572205E+01          1.8750000000E+01          4.5014671326E+01          4.5004722595E+01          2.0000000000E+00          0.0000000000E+00          5.1560062500E+04          0.0000000000E+00          3.3242631002E-01          3.3630331513E-01          3.3585914937E-01          3.3715143913E-01          3.3630953265E-01          3.4023499177E-01          3.3978796864E-01          3.4103035289E-01          4.4102058836E+02          4.4613917490E+02          2.0591863508E+00          2.0767678601E+00          6.5705380688E-01          -8.8034956702E-02         0.0000000000E+00          6.6164572353E-01          5.9460321386E+01          7.2355288435E-01          3.9871360791E+01          4.4850127825E+02          -9.8942134179E-02         
2024-12-12                09:11:33.584              346.38302759              8313.192662               347.38302759              1734023493.584            0                         963                       1.3999855042E+02          4.5000572205E+01          1.8750000000E+01          4.5014671326E+01          4.5004722595E+01          4.6000000000E+01          0.0000000000E+00          5.1560062500E+04          0.0000000000E+00          3.3525269636E-01          3.3643160728E-01          3.3590815614E-01          3.3714879252E-01          3.3916820375E-01          3.4036482491E-01          3.3983753656E-01          3.4102711658E-01          4.4137787456E+02          4.4649958608E+02          2.0592004026E+00          2.0767787628E+00          6.5693261195E-01          -1.0688442833E-01         0.0000000000E+00          6.6164572353E-01          5.9841334671E+01          7.2355288435E-01          3.9871360791E+01          4.4850127825E+02          -9.8942134179E-02         
2024-12-12                09:11:34.558              346.38303887              8313.192933               347.38303887              1734023494.558            0                         963                       1.3999723949E+02          4.5000510135E+01          1.8703389831E+01          4.5014686843E+01          4.5004699319E+01          4.7000000000E+01          0.0000000000E+00          5.1559347287E+04          0.0000000000E+00          3.3973852702E-01          3.3670033455E-01          3.3598245382E-01          3.3715727788E-01          3.4370547472E-01          3.4063672449E-01          3.3991286192E-01          3.4103441738E-01          4.4066793831E+02          4.4578031948E+02          2.0592237634E+00          2.0767981327E+00          6.5677728539E-01          -1.3686619609E-01         0.0000000000E+00          6.8210996398E-01          5.9841334671E+01          7.5087184877E-01          3.9871360791E+01          4.4850127825E+02          -9.8942134179E-02         
2024-12-12                09:11:35.296              346.38304741              8313.193138               347.38304741              1734023495.296            0                         963                       1.3999723949E+02          4.5000510135E+01          1.8703389831E+01          4.5014686843E+01          4.5004699319E+01          4.7000000000E+01          0.0000000000E+00          5.1559347287E+04          0.0000000000E+00          3.3973594427E-01          3.3702504366E-01          3.3602609906E-01          3.3716333108E-01          3.4370214482E-01          3.4096527172E-01          3.3995692335E-01          3.4104067965E-01          4.4013012429E+02          4.4523543962E+02          2.0592414528E+00          2.0768127980E+00          6.5665959273E-01          -1.5960741972E-01         0.0000000000E+00          6.8210996398E-01          5.9841334671E+01          7.5087184877E-01          3.9871360791E+01          4.4850127825E+02          -9.8942134179E-02         
2024-12-12                09:11:35.602              346.38305096              8313.193223               347.38305096              1734023495.603            0                         963                       1.3999744311E+02          4.5000328064E+01          1.8696710526E+01          4.5014732361E+01          4.5004631042E+01          2.5000000000E+01          0.0000000000E+00          5.1558914926E+04          0.0000000000E+00          3.3895419241E-01          3.3706888795E-01          3.3601359036E-01          3.3716426707E-01          3.4291096972E-01          3.4100949213E-01          3.3994426285E-01          3.4104103594E-01          4.3990642355E+02          4.4500880049E+02          2.0592488089E+00          2.0768188960E+00          6.5661063350E-01          -1.6907303783E-01         0.0000000000E+00          6.8210996398E-01          5.9841334671E+01          7.5087184877E-01          3.9871360791E+01          4.4852592333E+02          -9.8942134179E-02         
2024-12-12                09:11:36.582              346.38306230              8313.193495               347.38306230              1734023496.583            0                         963                       1.4000017017E+02          4.5000328064E+01          1.8687500000E+01          4.5014732361E+01          4.5004631042E+01          4.7000000000E+01          0.0000000000E+00          5.1559287729E+04          0.0000000000E+00          3.3645869429E-01          3.3750825149E-01          3.3594959178E-01          3.3715933840E-01          3.4038540004E-01          3.4145423175E-01          3.3987954610E-01          3.4103544828E-01          4.3919232922E+02          4.4428532886E+02          2.0592166726E+00          2.0767822756E+00          6.5645434467E-01          -1.9928894949E-01         0.0000000000E+00          6.7547804706E-01          5.9841334671E+01          7.4662670222E-01          3.9871360791E+01          4.4852592333E+02          -9.8942134179E-02         
2024-12-12                09:11:37.325              346.38307089              8313.193701               347.38307089              1734023497.325            0                         963                       1.4000017017E+02          4.5000328064E+01          1.8687500000E+01          4.5014732361E+01          4.5004631042E+01          4.7000000000E+01          0.0000000000E+00          5.1559287729E+04          0.0000000000E+00          3.3645609469E-01          3.3744364120E-01          3.3595548135E-01          3.3715551275E-01          3.4038205619E-01          3.4138893237E-01          3.3988538924E-01          3.4103096905E-01          4.3865159965E+02          4.4373750130E+02          2.0591923469E+00          2.0767545550E+00          6.5633601417E-01          -2.2215338032E-01         0.0000000000E+00          6.7547804706E-01          5.9841334671E+01          7.4662670222E-01          3.9871360791E+01          4.4852592333E+02          -9.8942134179E-02         
2024-12-12                09:11:37.890              346.38307743              8313.193858               347.38307743              1734023497.890            0                         963                       1.3999979077E+02          4.5000328064E+01          1.8687500000E+01          4.5014732361E+01          4.5004631042E+01          2.0000000000E+00          0.0000000000E+00          5.1559301517E+04          0.0000000000E+00          3.3690620236E-01          3.3738948153E-01          3.3602397091E-01          3.3715395645E-01          3.4083687117E-01          3.4133421547E-01          3.3995459761E-01          3.4102878393E-01          4.3823984420E+02          4.4332034241E+02          2.0591738255E+00          2.0767334485E+00          6.5624591168E-01          -2.3956043347E-01         0.0000000000E+00          6.7547804706E-01          5.9841334671E+01          7.4662670222E-01          3.9819375502E+01          4.4852592333E+02          -2.5043034444E-01         
2024-12-12                09:11:38.509              346.38308459              8313.194030               347.38308459              1734023498.509            0                         963                       1.3999909973E+02          4.5000328064E+01          1.8687500000E+01          4.5014732361E+01          4.5004631042E+01          4.6000000000E+01          0.0000000000E+00          5.1559187500E+04          0.0000000000E+00          3.3740324951E-01          3.3730979704E-01          3.3609821497E-01          3.3715554975E-01          3.4134376186E-01          3.4125378772E-01          3.4002965659E-01          3.4102979395E-01          4.3778874818E+02          4.4286933124E+02          2.0591535365E+00          2.0767310130E+00          6.5691447861E-01          -1.7098913338E-01         0.0000000000E+00          6.7547804706E-01          5.9362444433E+01          7.4662670222E-01          3.9819375502E+01          4.4852592333E+02          -2.5043034444E-01         
2024-12-12                09:11:39.486              346.38309591              8313.194302               347.38309591              1734023499.487            0                         963                       1.3999958447E+02          4.5000328064E+01          1.8735926150E+01          4.5014732361E+01          4.5004631042E+01          4.7000000000E+01          0.0000000000E+00          5.1559278299E+04          0.0000000000E+00          3.3819237340E-01          3.3720860079E-01          3.3622290753E-01          3.3715903389E-01          3.4214833666E-01          3.4115174323E-01          3.4015586310E-01          3.4103197302E-01          4.3804238968E+02          4.4313391845E+02          2.0591206988E+00          2.0767256185E+00          6.5794267962E-01          -6.2624710328E-02         0.0000000000E+00          6.7868160314E-01          5.9362444433E+01          7.3824231798E-01          3.9819375502E+01          4.4852592333E+02          -2.5043034444E-01         
2024-12-12                09:11:40.226              346.38310448              8313.194508               347.38310448              1734023500.227            0                         963                       1.3999958447E+02          4.5000328064E+01          1.8735926150E+01          4.5014732361E+01          4.5004631042E+01          4.7000000000E+01          0.0000000000E+00          5.1559278299E+04          0.0000000000E+00          3.3819734493E-01          3.3704380288E-01          3.3624586610E-01          3.3716147124E-01          3.4215808492E-01          3.4098546246E-01          3.4017914475E-01          3.4103461648E-01          4.3823432481E+02          4.4333414244E+02          2.0590958503E+00          2.0767215359E+00          6.5872070625E-01          1.9364637023E-02          0.0000000000E+00          6.7868160314E-01          5.9362444433E+01          7.3824231798E-01          3.9819375502E+01          4.4852592333E+02          -2.5043034444E-01         
2024-12-12                09:11:40.533              346.38310803              8313.194593               347.38310803              1734023500.534            0                         963                       1.4000109863E+02          4.5000602722E+01          1.8687500000E+01          4.5014732361E+01          4.5004631042E+01          2.5000000000E+01          0.0000000000E+00          5.1559492188E+04          0.0000000000E+00          3.3616397647E-01          3.3702380682E-01          3.3628162150E-01          3.3715603730E-01          3.4010285100E-01          3.4096540311E-01          3.4021552003E-01          3.4102853968E-01          4.3831401468E+02          4.4341727345E+02          2.0590855350E+00          2.0767198357E+00          6.5904349136E-01          5.3364755936E-02          0.0000000000E+00          6.7868160314E-01          5.9362444433E+01          7.3824231798E-01          3.9819375502E+01          4.4849055962E+02          -2.5043034444E-01         
2024-12-12                09:11:41.530              346.38311957              8313.194870               347.38311957              1734023501.531            0                         963                       1.4000127760E+02          4.5000602722E+01          1.8687500000E+01          4.5014732361E+01          4.5004631042E+01          4.7000000000E+01          0.0000000000E+00          5.1559549467E+04          0.0000000000E+00          3.2956049488E-01          3.3650624784E-01          3.3626587540E-01          3.3713510165E-01          3.3342819806E-01          3.4044273226E-01          3.4020012821E-01          3.4100679246E-01          4.3857281213E+02          4.4368725298E+02          2.0590568182E+00          2.0767191387E+00          6.6009179829E-01          1.6378207436E-01          0.0000000000E+00          6.6075140854E-01          5.9362444433E+01          7.1257571686E-01          3.9819375502E+01          4.4849055962E+02          -2.5043034444E-01         
2024-12-12                09:11:42.266              346.38312808              8313.195074               347.38312808              1734023502.266            0                         963                       1.4000127760E+02          4.5000602722E+01          1.8687500000E+01          4.5014732361E+01          4.5004631042E+01          4.7000000000E+01          0.0000000000E+00          5.1559549467E+04          0.0000000000E+00          3.2956542861E-01          3.3630950398E-01          3.3618796323E-01          3.3711479406E-01          3.3343775763E-01          3.4024441040E-01          3.4012149599E-01          3.4098569058E-01          4.3876345045E+02          4.4388613980E+02          2.0590356637E+00          2.0767186419E+00          6.6086466894E-01          2.4521743530E-01          0.0000000000E+00          6.6075140854E-01          5.9362444433E+01          7.1257571686E-01          3.9819375502E+01          4.4849055962E+02          -2.5043034444E-01         
2024-12-12                09:11:42.836              346.38313469              8313.195232               347.38313469              1734023502.837            0                         963                       1.4000337585E+02          4.5000602722E+01          1.8687500000E+01          4.5014732361E+01          4.5004631042E+01          2.0000000000E+00          0.0000000000E+00          5.1560075570E+04          0.0000000000E+00          3.3166822609E-01          3.3616167062E-01          3.3612105262E-01          3.3710010992E-01          3.3556883191E-01          3.4009565442E-01          3.4005432483E-01          3.4097029692E-01          4.3891148709E+02          4.4404058763E+02          2.0590192361E+00          2.0767182635E+00          6.6146511622E-01          3.0849701456E-01          0.0000000000E+00          6.6075140854E-01          5.9362444433E+01          7.1257571686E-01          4.0125377395E+01          4.4849055962E+02          2.9764727517E-01          
2024-12-12                09:11:43.471              346.38314204              8313.195409               347.38314204              1734023503.472            0                         963                       1.4000340954E+02          4.5000602722E+01          1.8687500000E+01          4.5014732361E+01          4.5004631042E+01          4.6000000000E+01          0.0000000000E+00          5.1560103678E+04          0.0000000000E+00          3.3399736187E-01          3.3607590664E-01          3.3608131364E-01          3.3709198573E-01          3.3792116427E-01          3.4000959764E-01          3.4001465071E-01          3.4096154730E-01          4.3907610547E+02          4.4420160565E+02          2.0590009650E+00          2.0766809653E+00          6.6076512159E-01          3.0497810790E-01          0.0000000000E+00          6.6075140854E-01          5.9534194430E+01          7.1257571686E-01          4.0125377395E+01          4.4849055962E+02          2.9764727517E-01          
2024-12-12                09:11:44.451              346.38315338              8313.195681               347.38315338              1734023504.452            0                         963                       1.3999961720E+02          4.5000593264E+01          1.8687500000E+01          4.5014703986E+01          4.5004631042E+01          4.7000000000E+01          0.0000000000E+00          5.1559751248E+04          0.0000000000E+00          3.3759331003E-01          3.3608250021E-01          3.3608137738E-01          3.3709310301E-01          3.4155275212E-01          3.4001685957E-01          3.4001549716E-01          3.4096141687E-01          4.3967948882E+02          4.4480335138E+02          2.0589724844E+00          2.0766228460E+00          6.5967468969E-01          2.9955602441E-01          0.0000000000E+00          6.7796827296E-01          5.9534194430E+01          7.5584851049E-01          4.0125377395E+01          4.4849055962E+02          2.9764727517E-01          
2024-12-12                09:11:45.191              346.38316194              8313.195887               347.38316194              1734023505.192            0                         963                       1.3999961720E+02          4.5000593264E+01          1.8687500000E+01          4.5014703986E+01          4.5004631042E+01          4.7000000000E+01          0.0000000000E+00          5.1559751248E+04          0.0000000000E+00          3.3758841698E-01          3.3610307915E-01          3.3609890110E-01          3.3709426572E-01          3.4154281714E-01          3.4003820470E-01          3.4003325670E-01          3.4096278166E-01          4.4013518864E+02          4.4525780084E+02          2.0589509698E+00          2.0765789534E+00          6.5885134805E-01          2.9544257950E-01          0.0000000000E+00          6.7796827296E-01          5.9534194430E+01          7.5584851049E-01          4.0125377395E+01          4.4849055962E+02          2.9764727517E-01          
2024-12-12                09:11:45.496              346.38316546              8313.195971               347.38316546              1734023505.496            0                         963                       1.3999874878E+02          4.5000572205E+01          1.8687500000E+01          4.5014640808E+01          4.5004631042E+01          2.5000000000E+01          0.0000000000E+00          5.1559609375E+04          0.0000000000E+00          3.3805986473E-01          3.3614755155E-01          3.3612290570E-01          3.3710260796E-01          3.4201773633E-01          3.4008319405E-01          3.4005764540E-01          3.4097069724E-01          4.4032238046E+02          4.4544447517E+02          2.0589421329E+00          2.0765609240E+00          6.5851312271E-01          2.9375607691E-01          0.0000000000E+00          6.7796827296E-01          5.9534194430E+01          7.5584851049E-01          4.0125377395E+01          4.4846008907E+02          2.9764727517E-01          
2024-12-12                09:11:46.494              346.38317703              8313.196249               347.38317703              1734023506.495            0                         963                       1.4000200237E+02          4.5000572205E+01          1.8687500000E+01          4.5014640808E+01          4.5004631042E+01          4.7000000000E+01          0.0000000000E+00          5.1560180908E+04          0.0000000000E+00          3.3960913309E-01          3.3620948028E-01          3.3618239303E-01          3.3711459838E-01          3.4357837273E-01          3.4014673941E-01          3.4011761440E-01          3.4098229979E-01          4.4093752821E+02          4.4605790727E+02          2.0589818228E+00          2.0765709873E+00          6.5740170457E-01          2.8821383474E-01          0.0000000000E+00          6.8185812470E-01          5.9534194430E+01          7.5065388355E-01          4.0125377395E+01          4.4846008907E+02          2.9764727517E-01          
2024-12-12                09:11:47.236              346.38318560              8313.196454               347.38318560              1734023507.236            0                         963                       1.4000200237E+02          4.5000572205E+01          1.8687500000E+01          4.5014640808E+01          4.5004631042E+01          4.7000000000E+01          0.0000000000E+00          5.1560180908E+04          0.0000000000E+00          3.3960423641E-01          3.3630745844E-01          3.3622218190E-01          3.3712584125E-01          3.4356839876E-01          3.4024616832E-01          3.4015773980E-01          3.4099245147E-01          4.4139384453E+02          4.4651293650E+02          2.0590112586E+00          2.0765784489E+00          6.5657736691E-01          2.8409476883E-01          0.0000000000E+00          6.8185812470E-01          5.9534194430E+01          7.5065388355E-01          4.0125377395E+01          4.4846008907E+02          2.9764727517E-01          
2024-12-12                09:11:47.803              346.38319218              8313.196612               347.38319218              1734023507.804            0                         963                       1.4000081922E+02          4.5000572205E+01          1.8687500000E+01          4.5014640808E+01          4.5004631042E+01          2.0000000000E+00          0.0000000000E+00          5.1560158966E+04          0.0000000000E+00          3.3872712915E-01          3.3638506783E-01          3.3632081388E-01          3.3712960014E-01          3.4267721616E-01          3.4032493880E-01          3.4025707043E-01          3.4099640632E-01          4.4174365238E+02          4.4686174945E+02          2.0590338194E+00          2.0765841662E+00          6.5594551321E-01          2.8093120382E-01          0.0000000000E+00          6.8185812470E-01          5.9534194430E+01          7.5065388355E-01          3.9808296252E+01          4.4846008907E+02          2.6996139365E-01          
2024-12-12                09:11:48.446              346.38319961              8313.196791               347.38319961              1734023508.446            0                         963                       1.4000158691E+02          4.5000572205E+01          1.8687500000E+01          4.5014640808E+01          4.5004631042E+01          4.6000000000E+01          0.0000000000E+00          5.1560468750E+04          0.0000000000E+00          3.3775326377E-01          3.3638229364E-01          3.3640790848E-01          3.3712860216E-01          3.4170047243E-01          3.4032261637E-01          3.4034469193E-01          3.4099488197E-01          4.4213903456E+02          4.4727269809E+02          2.0590593196E+00          2.0766476148E+00          6.5734522396E-01          2.8611139792E-01          0.0000000000E+00          6.8185812470E-01          5.9942899608E+01          7.5065388355E-01          3.9808296252E+01          4.4846008907E+02          2.6996139365E-01          
2024-12-12                09:11:49.466              346.38321141              8313.197074               347.38321141              1734023509.466            0                         963                       1.4000046985E+02          4.5000738758E+01          1.8731083535E+01          4.5014652705E+01          4.5004631042E+01          4.7000000000E+01          0.0000000000E+00          5.1560341821E+04          0.0000000000E+00          3.3619905440E-01          3.3628028929E-01          3.3651234674E-01          3.3712369180E-01          3.4014181995E-01          3.4022010184E-01          3.4044946982E-01          3.4098875443E-01          4.4100443270E+02          4.4614306403E+02          2.0591012604E+00          2.0767512557E+00          6.5962069681E-01          2.9429786167E-01          0.0000000000E+00          6.7624419793E-01          5.9942899608E+01          7.9316468545E-01          3.9808296252E+01          4.4846008907E+02          2.6996139365E-01          
2024-12-12                09:11:50.201              346.38321993              8313.197278               347.38321993              1734023510.202            0                         963                       1.4000046985E+02          4.5000738758E+01          1.8731083535E+01          4.5014652705E+01          4.5004631042E+01          4.7000000000E+01          0.0000000000E+00          5.1560341821E+04          0.0000000000E+00          3.3620925501E-01          3.3607867072E-01          3.3650882242E-01          3.3712154523E-01          3.4016204125E-01          3.4001683816E-01          3.4044612763E-01          3.4098681379E-01          4.4018570472E+02          4.4532786628E+02          2.0591315272E+00          2.0768260523E+00          6.6126280289E-01          3.0021295248E-01          0.0000000000E+00          6.7624419793E-01          5.9942899608E+01          7.9316468545E-01          3.9808296252E+01          4.4846008907E+02          2.6996139365E-01          
2024-12-12                09:11:50.506              346.38322345              8313.197363               347.38322345              1734023510.506            0                         963                       1.3999958801E+02          4.5000999451E+01          1.8750000000E+01          4.5014671326E+01          4.5004631042E+01          2.5000000000E+01          0.0000000000E+00          5.1560210938E+04          0.0000000000E+00          3.3569540220E-01          3.3606996007E-01          3.3652587944E-01          3.3712482331E-01          3.3964623137E-01          3.4000841528E-01          3.4046337131E-01          3.4098969917E-01          4.3984755043E+02          4.4499115711E+02          2.0591440270E+00          2.0768569469E+00          6.6194111148E-01          3.0265248195E-01          0.0000000000E+00          6.7624419793E-01          5.9942899608E+01          7.9316468545E-01          3.9808296252E+01          4.4850339475E+02          2.6996139365E-01          
2024-12-12                09:11:51.486              346.38323480              8313.197635               347.38323480              1734023511.487            0                         963                       1.4000068387E+02          4.5000999451E+01          1.8750000000E+01          4.5014671326E+01          4.5004631042E+01          4.7000000000E+01          0.0000000000E+00          5.1560422348E+04          0.0000000000E+00          3.3403720483E-01          3.3567507313E-01          3.3655416386E-01          3.3712422127E-01          3.3798163488E-01          3.3961006037E-01          3.4049213635E-01          3.4098869422E-01          4.3875633382E+02          4.4390455112E+02          2.0590646395E+00          2.0768359079E+00          6.6413017956E-01          3.1052492567E-01          0.0000000000E+00          6.7114530617E-01          5.9942899608E+01          7.6704890852E-01          3.9808296252E+01          4.4850339475E+02          2.6996139365E-01          
2024-12-12                09:11:52.232              346.38324343              8313.197842               347.38324343              1734023512.232            0                         963                       1.4000068387E+02          4.5000999451E+01          1.8750000000E+01          4.5014671326E+01          4.5004631042E+01          4.7000000000E+01          0.0000000000E+00          5.1560422348E+04          0.0000000000E+00          3.3404752375E-01          3.3569267038E-01          3.3652501688E-01          3.3713797948E-01          3.3800203725E-01          3.3962878056E-01          3.4046318171E-01          3.4100157249E-01          4.3792759299E+02          4.4307925756E+02          2.0590043544E+00          2.0768199387E+00          6.6579281705E-01          3.1651245886E-01          0.0000000000E+00          6.7114530617E-01          5.9942899608E+01          7.6704890852E-01          3.9808296252E+01          4.4850339475E+02          2.6996139365E-01          
2024-12-12                09:11:52.796              346.38324997              8313.197999               347.38324997              1734023512.797            0                         963                       1.4000182196E+02          4.5000999451E+01          1.8750000000E+01          4.5014671326E+01          4.5004631042E+01          2.0000000000E+00          0.0000000000E+00          5.1560773571E+04          0.0000000000E+00          3.3261405426E-01          3.3567673616E-01          3.3651971481E-01          3.3712735994E-01          3.3655912292E-01          3.3961359511E-01          3.4045848625E-01          3.4099114420E-01          4.3729912926E+02          4.4245337776E+02          2.0589586302E+00          2.0768078255E+00          6.6705385422E-01          3.2104315678E-01          0.0000000000E+00          6.7114530617E-01          5.9942899608E+01          7.6704890852E-01          4.0448439822E+01          4.4850339475E+02          3.1022663147E-01          
2024-12-12                09:11:53.438              346.38325740              8313.198177               347.38325740              1734023513.439            0                         963                       1.3999620056E+02          4.5000999451E+01          1.8750000000E+01          4.5014671326E+01          4.5004631042E+01          4.6000000000E+01          0.0000000000E+00          5.1559910156E+04          0.0000000000E+00          3.3097244827E-01          3.3558977264E-01          3.3649548797E-01          3.3712909725E-01          3.3489669438E-01          3.3952639526E-01          3.4043474629E-01          3.4099252798E-01          4.3658501082E+02          4.4172919757E+02          2.0589066733E+00          2.0767492767E+00          6.6682585651E-01          2.8585899535E-01          0.0000000000E+00          6.7114530617E-01          5.9201793482E+01          7.6704890852E-01          4.0448439822E+01          4.4850339475E+02          3.1022663147E-01          
2024-12-12                09:11:54.440              346.38326899              8313.198456               347.38326899              1734023514.441            0                         963                       1.3999809479E+02          4.5000999451E+01          1.8718674334E+01          4.5014671326E+01          4.5004631042E+01          4.7000000000E+01          0.0000000000E+00          5.1559933584E+04          0.0000000000E+00          3.2841593577E-01          3.3540744368E-01          3.3638945067E-01          3.3713983583E-01          3.3230753154E-01          3.3934262462E-01          3.4032852371E-01          3.4100229632E-01          4.3689682886E+02          4.4204152635E+02          2.0588244275E+00          2.0766556120E+00          6.6642841689E-01          2.3098079946E-01          0.0000000000E+00          6.5800810918E-01          5.9201793482E+01          6.9926991698E-01          4.0448439822E+01          4.4850339475E+02          3.1022663147E-01          
2024-12-12                09:11:55.177              346.38327752              8313.198661               347.38327752              1734023515.178            0                         963                       1.3999809479E+02          4.5000999451E+01          1.8718674334E+01          4.5014671326E+01          4.5004631042E+01          4.7000000000E+01          0.0000000000E+00          5.1559933584E+04          0.0000000000E+00          3.2841560748E-01          3.3516696178E-01          3.3622067899E-01          3.3713060714E-01          3.3230547741E-01          3.3909993990E-01          3.4015839851E-01          3.4099254103E-01          4.3712612211E+02          4.4227119191E+02          2.0587639395E+00          2.0765867259E+00          6.6613609614E-01          1.9062958097E-01          0.0000000000E+00          6.5800810918E-01          5.9201793482E+01          6.9926991698E-01          4.0448439822E+01          4.4850339475E+02          3.1022663147E-01          
2024-12-12                09:11:55.482              346.38328104              8313.198745               347.38328104              1734023515.482            0                         963                       1.3999763810E+02          4.5001010373E+01          1.8687500000E+01          4.5014669398E+01          4.5004631042E+01          2.5000000000E+01          0.0000000000E+00          5.1559804112E+04          0.0000000000E+00          3.2980681816E-01          3.3495879391E-01          3.3614609921E-01          3.3711341515E-01          3.3371245132E-01          3.3888990779E-01          3.4008344563E-01          3.4097545162E-01          4.3722065881E+02          4.4236588102E+02          2.0587389937E+00          2.0765583163E+00          6.6601552140E-01          1.7399521778E-01          0.0000000000E+00          6.5800810918E-01          5.9201793482E+01          6.9926991698E-01          4.0448439822E+01          4.4841590199E+02          3.1022663147E-01          
2024-12-12                09:11:56.457              346.38329233              8313.199016               347.38329233              1734023516.457            0                         963                       1.4000129360E+02          4.5001518250E+01          1.8687500000E+01          4.5014579773E+01          4.5004631042E+01          4.7000000000E+01          0.0000000000E+00          5.1560353246E+04          0.0000000000E+00          3.3426876071E-01          3.3486975753E-01          3.3597504366E-01          3.3711792156E-01          3.3822490975E-01          3.3880035127E-01          3.3991086958E-01          3.4097957694E-01          4.3752386057E+02          4.4266956897E+02          2.0586710856E+00          2.0764794031E+00          6.6562881623E-01          1.2064486051E-01          0.0000000000E+00          6.7106927910E-01          5.9201793482E+01          7.4906420229E-01          4.0448439822E+01          4.4841590199E+02          3.1022663147E-01          
2024-12-12                09:11:57.197              346.38330089              8313.199221               347.38330089              1734023517.197            0                         963                       1.4000129360E+02          4.5001518250E+01          1.8687500000E+01          4.5014579773E+01          4.5004631042E+01          4.7000000000E+01          0.0000000000E+00          5.1560353246E+04          0.0000000000E+00          3.3426843085E-01          3.3483001277E-01          3.3590497819E-01          3.3714037452E-01          3.3822281633E-01          3.3876058887E-01          3.3984029641E-01          3.4100118352E-01          4.3775408730E+02          4.4290016322E+02          2.0586195342E+00          2.0764194995E+00          6.6533532032E-01          8.0129378894E-02          0.0000000000E+00          6.7106927910E-01          5.9201793482E+01          7.4906420229E-01          4.0448439822E+01          4.4841590199E+02          3.1022663147E-01          
2024-12-12                09:11:57.759              346.38330740              8313.199378               347.38330740              1734023517.759            0                         963                       1.4000518799E+02          4.5001518250E+01          1.8750000000E+01          4.5014579773E+01          4.5004631042E+01          2.0000000000E+00          0.0000000000E+00          5.1561253906E+04          0.0000000000E+00          3.3659360520E-01          3.3484430197E-01          3.3591298548E-01          3.3713909102E-01          3.4057414934E-01          3.3877544092E-01          3.3984882958E-01          3.4100018110E-01          4.3792886350E+02          4.4307521618E+02          2.0585803905E+00          2.0763740132E+00          6.6511242740E-01          4.9375942566E-02          0.0000000000E+00          6.7106927910E-01          5.9201793482E+01          7.4906420229E-01          4.0336097059E+01          4.4841590199E+02          3.8515224130E-02          
2024-12-12                09:11:58.394              346.38331475              8313.199554               347.38331475              1734023518.394            0                         963                       1.4000488599E+02          4.5001518250E+01          1.8750000000E+01          4.5014579773E+01          4.5004631042E+01          4.6000000000E+01          0.0000000000E+00          5.1561287272E+04          0.0000000000E+00          3.3921303446E-01          3.3493823865E-01          3.3590109560E-01          3.3716372976E-01          3.4321839561E-01          3.3887071714E-01          3.3983693509E-01          3.4102485396E-01          4.3812634935E+02          4.4326705905E+02          2.0585361637E+00          2.0763021270E+00          6.6410034551E-01          6.2233150954E-02          0.0000000000E+00          6.7106927910E-01          5.9407494748E+01          7.4906420229E-01          4.0336097059E+01          4.4841590199E+02          3.8515224130E-02          
2024-12-12                09:11:59.398              346.38332637              8313.199833               347.38332637              1734023519.398            0                         963                       1.4000289969E+02          4.5001565836E+01          1.8750000000E+01          4.5014579773E+01          4.5004583456E+01          4.7000000000E+01          0.0000000000E+00          5.1561513043E+04          0.0000000000E+00          3.4335362445E-01          3.3514893514E-01          3.3592026695E-01          3.3721309632E-01          3.4739806459E-01          3.3908399551E-01          3.3985605060E-01          3.4107420577E-01          4.3818570894E+02          4.4331462886E+02          2.0584664413E+00          2.0761888798E+00          6.6250764074E-01          8.2555437030E-02          0.0000000000E+00          6.8873176140E-01          5.9407494748E+01          7.3298711655E-01          4.0336097059E+01          4.4841590199E+02          3.8515224130E-02          
2024-12-12                09:12:00.144              346.38333501              8313.200040               347.38333501              1734023520.145            0                         963                       1.4000289969E+02          4.5001565836E+01          1.8750000000E+01          4.5014579773E+01          4.5004583456E+01          4.7000000000E+01          0.0000000000E+00          5.1561513043E+04          0.0000000000E+00          3.4334341095E-01          3.3539175188E-01          3.3599888670E-01          3.3722569319E-01          3.4738043449E-01          3.3932975165E-01          3.3993561716E-01          3.4108690726E-01          4.3822996915E+02          4.4335011734E+02          2.0584145561E+00          2.0761046166E+00          6.6132272781E-01          9.7653865954E-02          0.0000000000E+00          6.8873176140E-01          5.9407494748E+01          7.3298711655E-01          4.0336097059E+01          4.4841590199E+02          3.8515224130E-02          
2024-12-12                09:12:00.448              346.38333853              8313.200125               347.38333853              1734023520.449            0                         963                       1.4000158691E+02          4.5001640320E+01          1.8750000000E+01          4.5014579773E+01          4.5004508972E+01          2.5000000000E+01          0.0000000000E+00          5.1561667969E+04          0.0000000000E+00          3.4177901492E-01          3.3559831039E-01          3.3606609749E-01          3.3723638174E-01          3.4579469034E-01          3.3953886745E-01          3.4000374591E-01          3.4109795839E-01          4.3824802942E+02          4.4336460817E+02          2.0583934358E+00          2.0760703210E+00          6.6084053743E-01          1.0378731707E-01          0.0000000000E+00          6.8873176140E-01          5.9407494748E+01          7.3298711655E-01          4.0336097059E+01          4.4834181306E+02          3.8515224130E-02          
2024-12-12                09:12:01.426              346.38334984              8313.200396               347.38334984              1734023521.426            0                         963                       1.4000224906E+02          4.5001640320E+01          1.8750000000E+01          4.5014579773E+01          4.5004508972E+01          4.7000000000E+01          0.0000000000E+00          5.1562441652E+04          0.0000000000E+00          3.3675132400E-01          3.3570466883E-01          3.3607570872E-01          3.3722605232E-01          3.4069857436E-01          3.3964643446E-01          3.4001337442E-01          3.4108741190E-01          4.3830606949E+02          4.4341117575E+02          2.0581552330E+00          2.0757883403E+00          6.5929095283E-01          1.2349930726E-01          0.0000000000E+00          6.7772585928E-01          5.9407494748E+01          8.0599690606E-01          4.0336097059E+01          4.4834181306E+02          3.8515224130E-02          
2024-12-12                09:12:02.163              346.38335837              8313.200601               347.38335837              1734023522.163            0                         963                       1.4000224906E+02          4.5001640320E+01          1.8750000000E+01          4.5014579773E+01          4.5004508972E+01          4.7000000000E+01          0.0000000000E+00          5.1562441652E+04          0.0000000000E+00          3.3674124032E-01          3.3586482496E-01          3.3614188524E-01          3.3721084149E-01          3.4068131421E-01          3.3980841464E-01          3.4008030993E-01          3.4107210769E-01          4.3834973545E+02          4.4344618523E+02          2.0579755569E+00          2.0755756504E+00          6.5812212308E-01          1.3839577233E-01          0.0000000000E+00          6.7772585928E-01          5.9407494748E+01          8.0599690606E-01          4.0336097059E+01          4.4834181306E+02          3.8515224130E-02          
2024-12-12                09:12:02.717              346.38336479              8313.200755               347.38336479              1734023522.718            0                         963                       1.4000111023E+02          4.5001640320E+01          1.8750000000E+01          4.5014579773E+01          4.5004508972E+01          2.0000000000E+00          0.0000000000E+00          5.1562626217E+04          0.0000000000E+00          3.3373669726E-01          3.3595523067E-01          3.3611391794E-01          3.3720268622E-01          3.3763635192E-01          3.3989981740E-01          3.4005189182E-01          3.4106404254E-01          4.3838271058E+02          4.4347264211E+02          2.0578402416E+00          2.0754154794E+00          6.5724198485E-01          1.4959242496E-01          0.0000000000E+00          6.7772585928E-01          5.9407494748E+01          8.0599690606E-01          3.9878076697E+01          4.4834181306E+02          1.3873973697E-01          
2024-12-12                09:12:03.329              346.38337187              8313.200925               347.38337187              1734023523.330            0                         963                       1.4000027466E+02          4.5001640320E+01          1.8750000000E+01          4.5014579773E+01          4.5004508972E+01          4.6000000000E+01          0.0000000000E+00          5.1562675781E+04          0.0000000000E+00          3.3043652469E-01          3.3590895659E-01          3.3610613586E-01          3.3716245614E-01          3.3430044916E-01          3.3985309453E-01          3.4004404315E-01          3.4102342835E-01          4.3841906793E+02          4.4351315464E+02          2.0576910283E+00          2.0752778678E+00          6.5771929483E-01          1.3512956605E-01          0.0000000000E+00          6.7772585928E-01          5.9446516432E+01          8.0599690606E-01          3.9878076697E+01          4.4834181306E+02          1.3873973697E-01          
2024-12-12                09:12:04.331              346.38338346              8313.201203               347.38338346              1734023524.331            0                         963                       1.4000267151E+02          4.5001640320E+01          1.8750000000E+01          4.5014579773E+01          4.5004508972E+01          4.7000000000E+01          0.0000000000E+00          5.1563277041E+04          0.0000000000E+00          3.2504049681E-01          3.3567146357E-01          3.3614410344E-01          3.3708080538E-01          3.2884580206E-01          3.3961303868E-01          3.4008275696E-01          3.4094082710E-01          4.3893609993E+02          4.4404211786E+02          2.0574466017E+00          2.0750520519E+00          6.5848668480E-01          1.1148516805E-01          0.0000000000E+00          6.5290388878E-01          5.9446516432E+01          7.5214168689E-01          3.9878076697E+01          4.4834181306E+02          1.3873973697E-01          
2024-12-12                09:12:05.065              346.38339196              8313.201407               347.38339196              1734023525.065            0                         963                       1.4000267151E+02          4.5001640320E+01          1.8750000000E+01          4.5014579773E+01          4.5004508972E+01          4.7000000000E+01          0.0000000000E+00          5.1563277041E+04          0.0000000000E+00          3.2504730298E-01          3.3532980720E-01          3.3613556051E-01          3.3701042920E-01          3.2885596809E-01          3.3926770131E-01          3.4007430230E-01          3.4086974880E-01          4.3931510016E+02          4.4442987463E+02          2.0572673846E+00          2.0748864794E+00          6.5904941218E-01          9.4175520471E-02          0.0000000000E+00          6.5290388878E-01          5.9446516432E+01          7.5214168689E-01          3.9878076697E+01          4.4834181306E+02          1.3873973697E-01          
2024-12-12                09:12:05.367              346.38339545              8313.201491               347.38339545              1734023525.367            0                         963                       1.3999992371E+02          4.5001731873E+01          1.8687500000E+01          4.5014579773E+01          4.5004661560E+01          2.5000000000E+01          0.0000000000E+00          5.1563058594E+04          0.0000000000E+00          3.2681725774E-01          3.3502937263E-01          3.3602720815E-01          3.3698650156E-01          3.3064801700E-01          3.3896411694E-01          3.3996469433E-01          3.4084575412E-01          4.3947098312E+02          4.4458936205E+02          2.0571936525E+00          2.0748183608E+00          6.5928095004E-01          8.7066052566E-02          0.0000000000E+00          6.5290388878E-01          5.9446516432E+01          7.5214168689E-01          3.9878076697E+01          4.4808420485E+02          1.3873973697E-01          
2024-12-12                09:12:06.368              346.38340705              8313.201769               347.38340705              1734023526.369            0                         963                       1.3999966856E+02          4.5001731873E+01          1.8750000000E+01          4.5014579773E+01          4.5004661560E+01          4.7000000000E+01          0.0000000000E+00          5.1562989359E+04          0.0000000000E+00          3.3268977790E-01          3.3488368857E-01          3.3619287916E-01          3.3689551647E-01          3.3659394874E-01          3.3881720948E-01          3.4013278321E-01          3.4075376557E-01          4.3998818871E+02          4.4511853638E+02          2.0572809597E+00          2.0749271009E+00          6.6004920623E-01          6.3477279909E-02          0.0000000000E+00          6.6821323157E-01          5.9446516432E+01          7.5665825119E-01          3.9878076697E+01          4.4808420485E+02          1.3873973697E-01          
2024-12-12                09:12:07.108              346.38341560              8313.201974               347.38341560              1734023527.108            0                         963                       1.3999966856E+02          4.5001731873E+01          1.8750000000E+01          4.5014579773E+01          4.5004661560E+01          4.7000000000E+01          0.0000000000E+00          5.1562989359E+04          0.0000000000E+00          3.3269664658E-01          3.3479619909E-01          3.3611596515E-01          3.3685121841E-01          3.3660427880E-01          3.3872927643E-01          3.4005530497E-01          3.4070932292E-01          4.4036977399E+02          4.4550895966E+02          2.0573453370E+00          2.0750072871E+00          6.6061583392E-01          4.6049420038E-02          0.0000000000E+00          6.6821323157E-01          5.9446516432E+01          7.5665825119E-01          3.9878076697E+01          4.4808420485E+02          1.3873973697E-01          
2024-12-12                09:12:07.680              346.38342222              8313.202133               347.38342222              1734023527.680            0                         963                       1.3999530029E+02          4.5001731873E+01          1.8750000000E+01          4.5014579773E+01          4.5004661560E+01          2.0000000000E+00          0.0000000000E+00          5.1562101562E+04          0.0000000000E+00          3.3269316869E-01          3.3470868918E-01          3.3607616519E-01          3.3684145773E-01          3.3660337694E-01          3.3864140017E-01          3.4001516627E-01          3.4069968455E-01          4.4066512850E+02          4.4581116033E+02          2.0573951662E+00          2.0750693539E+00          6.6105442786E-01          3.2559864202E-02          0.0000000000E+00          6.6821323157E-01          5.9446516432E+01          7.5665825119E-01          4.0104161434E+01          4.4808420485E+02          2.1657422941E-02          
2024-12-12                09:12:08.295              346.38342934              8313.202304               347.38342934              1734023528.295            0                         963                       1.3999801731E+02          4.5001731873E+01          1.8750000000E+01          4.5014579773E+01          4.5004661560E+01          4.6000000000E+01          0.0000000000E+00          5.1562151693E+04          0.0000000000E+00          3.3268784992E-01          3.3461058796E-01          3.3600003475E-01          3.3680444189E-01          3.3660005913E-01          3.3854286965E-01          3.3993854256E-01          3.4066297099E-01          4.4098268899E+02          4.4613509598E+02          2.0574487419E+00          2.0751327009E+00          6.6140027264E-01          3.6106170669E-02          0.0000000000E+00          6.6821323157E-01          5.9788594442E+01          7.5665825119E-01          4.0104161434E+01          4.4808420485E+02          2.1657422941E-02          
2024-12-12                09:12:09.270              346.38344064              8313.202575               347.38344064              1734023529.271            0                         963                       1.3999612571E+02          4.5001731873E+01          1.8750000000E+01          4.5014579773E+01          4.5004661560E+01          4.7000000000E+01          0.0000000000E+00          5.1561615863E+04          0.0000000000E+00          3.3267471420E-01          3.3450062203E-01          3.3582710833E-01          3.3675591156E-01          3.3659025094E-01          3.3843232289E-01          3.3976431184E-01          3.4061572550E-01          4.4029520688E+02          4.4544430163E+02          2.0575347300E+00          2.0752351417E+00          6.6198387851E-01          4.1704559138E-02          0.0000000000E+00          6.6748711321E-01          5.9788594442E+01          7.3343232235E-01          4.0104161434E+01          4.4808420485E+02          2.1657422941E-02          
2024-12-12                09:12:10.006              346.38344916              8313.202780               347.38344916              1734023530.007            0                         963                       1.3999612571E+02          4.5001731873E+01          1.8750000000E+01          4.5014579773E+01          4.5004661560E+01          4.7000000000E+01          0.0000000000E+00          5.1561615863E+04          0.0000000000E+00          3.3267612460E-01          3.3437233717E-01          3.3567878444E-01          3.3678466035E-01          3.3659430381E-01          3.3830315933E-01          3.3961473709E-01          3.4064616715E-01          4.3977677739E+02          4.4492336522E+02          2.0575995736E+00          2.0753123935E+00          6.6242398842E-01          4.5926374654E-02          0.0000000000E+00          6.6748711321E-01          5.9788594442E+01          7.3343232235E-01          4.0104161434E+01          4.4808420485E+02          2.1657422941E-02          
2024-12-12                09:12:10.309              346.38345266              8313.202864               347.38345266              1734023530.310            0                         963                       1.3999357605E+02          4.5001731873E+01          1.8750000000E+01          4.5014579773E+01          4.5004661560E+01          2.5000000000E+01          0.0000000000E+00          5.1561070312E+04          0.0000000000E+00          3.3394140140E-01          3.3427336174E-01          3.3565858231E-01          3.3677798603E-01          3.3787556659E-01          3.3820356588E-01          3.3959451417E-01          3.4063966339E-01          4.3956330889E+02          4.4470886192E+02          2.0576262728E+00          2.0753442014E+00          6.6260517939E-01          4.7673367108E-02          0.0000000000E+00          6.6748711321E-01          5.9788594442E+01          7.3343232235E-01          4.0104161434E+01          4.4817718558E+02          2.1657422941E-02          
2024-12-12                09:12:11.289              346.38346400              8313.203136               347.38346400              1734023531.290            0                         963                       1.3999294578E+02          4.5000724792E+01          1.8750000000E+01          4.5014732361E+01          4.5004508972E+01          4.7000000000E+01          0.0000000000E+00          5.1559684984E+04          0.0000000000E+00          3.3803371677E-01          3.3431684407E-01          3.3548038185E-01          3.3684938782E-01          3.4201964223E-01          3.3824814242E-01          3.3941505192E-01          3.4071505778E-01          4.3887288293E+02          4.4401507997E+02          2.0577288697E+00          2.0754634610E+00          6.6319122410E-01          5.3323685886E-02          0.0000000000E+00          6.7844317900E-01          5.9788594442E+01          7.4405179797E-01          4.0104161434E+01          4.4817718558E+02          2.1657422941E-02          
2024-12-12                09:12:12.029              346.38347257              8313.203342               347.38347257              1734023532.030            0                         963                       1.3999294578E+02          4.5000724792E+01          1.8750000000E+01          4.5014732361E+01          4.5004508972E+01          4.7000000000E+01          0.0000000000E+00          5.1559684984E+04          0.0000000000E+00          3.3803513548E-01          3.3451392874E-01          3.3548049621E-01          3.3687157488E-01          3.4202376062E-01          3.3844803923E-01          3.3941573619E-01          3.4073919724E-01          4.3835163606E+02          4.4349129080E+02          2.0578063308E+00          2.0755535056E+00          6.6363375905E-01          5.7568431062E-02          0.0000000000E+00          6.7844317900E-01          5.9788594442E+01          7.4405179797E-01          4.0104161434E+01          4.4817718558E+02          2.1657422941E-02          
2024-12-12                09:12:12.594              346.38347910              8313.203498               347.38347910              1734023532.594            0                         963                       1.3999206188E+02          4.5000724792E+01          1.8750000000E+01          4.5014732361E+01          4.5004508972E+01          2.0000000000E+00          0.0000000000E+00          5.1558568881E+04          0.0000000000E+00          3.3798672470E-01          3.3470977283E-01          3.3550963840E-01          3.3687419260E-01          3.4197682331E-01          3.3864662215E-01          3.3944551628E-01          3.4074210247E-01          4.3795436294E+02          4.4309207471E+02          2.0578653685E+00          2.0756221349E+00          6.6397105039E-01          6.0803265556E-02          0.0000000000E+00          6.7844317900E-01          5.9788594442E+01          7.4405179797E-01          4.0269618717E+01          4.4817718558E+02          4.9931197001E-02          
2024-12-12                09:12:13.263              346.38348684              8313.203684               347.38348684              1734023533.263            0                         963                       1.3999280675E+02          4.5000724792E+01          1.8750000000E+01          4.5014732361E+01          4.5004508972E+01          4.6000000000E+01          0.0000000000E+00          5.1558492757E+04          0.0000000000E+00          3.3792239378E-01          3.3485521859E-01          3.3548283557E-01          3.3687895666E-01          3.4190906078E-01          3.3879406933E-01          3.3941925313E-01          3.4074840554E-01          4.3748312879E+02          4.4261195283E+02          2.0579353972E+00          2.0756808782E+00          6.6353014665E-01          5.9129527646E-02          0.0000000000E+00          6.7844317900E-01          5.9321665073E+01          7.4405179797E-01          4.0269618717E+01          4.4817718558E+02          4.9931197001E-02          
2024-12-12                09:12:14.240              346.38349816              8313.203956               347.38349816              1734023534.241            0                         963                       1.3999465761E+02          4.5000644102E+01          1.8750000000E+01          4.5014697779E+01          4.5004555081E+01          4.7000000000E+01          0.0000000000E+00          5.1557453144E+04          0.0000000000E+00          3.3783226355E-01          3.3494440235E-01          3.3548898235E-01          3.3687647357E-01          3.4181378661E-01          3.3888459543E-01          3.3942599780E-01          3.4074819606E-01          4.3778756557E+02          4.4291463099E+02          2.0580369672E+00          2.0757651625E+00          6.6285665483E-01          5.6707371756E-02          0.0000000000E+00          6.7890397720E-01          5.9321665073E+01          7.7385382896E-01          4.0269618717E+01          4.4817718558E+02          4.9931197001E-02          
2024-12-12                09:12:14.980              346.38350672              8313.204161               347.38350672              1734023534.981            0                         963                       1.3999465761E+02          4.5000644102E+01          1.8750000000E+01          4.5014697779E+01          4.5004555081E+01          4.7000000000E+01          0.0000000000E+00          5.1557453144E+04          0.0000000000E+00          3.3782900317E-01          3.3494988359E-01          3.3550222330E-01          3.3684342144E-01          3.4180740034E-01          3.3889051749E-01          3.3943990867E-01          3.4071578287E-01          4.3801791450E+02          4.4314364469E+02          2.0581138199E+00          2.0758289355E+00          6.6234707815E-01          5.4875115450E-02          0.0000000000E+00          6.7890397720E-01          5.9321665073E+01          7.7385382896E-01          4.0269618717E+01          4.4817718558E+02          4.9931197001E-02          
2024-12-12                09:12:15.282              346.38351021              8313.204245               347.38351021              1734023535.282            0                         963                       1.3999598694E+02          4.5000511169E+01          1.8750000000E+01          4.5014640808E+01          4.5004631042E+01          2.5000000000E+01          0.0000000000E+00          5.1557234375E+04          0.0000000000E+00          3.3701842687E-01          3.3493662801E-01          3.3551985358E-01          3.3684383225E-01          3.4098602644E-01          3.3887756887E-01          3.3945788678E-01          3.4071641724E-01          4.3811163543E+02          4.4323682165E+02          2.0581450777E+00          2.0758548729E+00          6.6213980826E-01          5.4124115355E-02          0.0000000000E+00          6.7890397720E-01          5.9321665073E+01          7.7385382896E-01          4.0269618717E+01          4.4828842124E+02          4.9931197001E-02          
2024-12-12                09:12:16.256              346.38352148              8313.204516               347.38352148              1734023536.256            0                         963                       1.3999571620E+02          4.5000511169E+01          1.8742736077E+01          4.5014640808E+01          4.5004631042E+01          4.7000000000E+01          0.0000000000E+00          5.1556837536E+04          0.0000000000E+00          3.3439548243E-01          3.3485140981E-01          3.3548246048E-01          3.3677082559E-01          3.3832818342E-01          3.3879176531E-01          3.3942090977E-01          3.4064384857E-01          4.3841490160E+02          4.4353832302E+02          2.0579854349E+00          2.0756758009E+00          6.6146911156E-01          5.1694287556E-02          0.0000000000E+00          6.7218097800E-01          5.9321665073E+01          7.7726624289E-01          4.0269618717E+01          4.4828842124E+02          4.9931197001E-02          
2024-12-12                09:12:16.990              346.38352999              8313.204720               347.38352999              1734023536.991            0                         963                       1.3999571620E+02          4.5000511169E+01          1.8742736077E+01          4.5014640808E+01          4.5004631042E+01          4.7000000000E+01          0.0000000000E+00          5.1556837536E+04          0.0000000000E+00          3.3439223159E-01          3.3473008652E-01          3.3547070820E-01          3.3673811221E-01          3.3832185925E-01          3.3866952081E-01          3.3940948510E-01          3.4061142339E-01          4.3864369146E+02          4.4376577592E+02          2.0578649717E+00          2.0755406786E+00          6.6096300996E-01          4.9874651847E-02          0.0000000000E+00          6.7218097800E-01          5.9321665073E+01          7.7726624289E-01          4.0269618717E+01          4.4828842124E+02          4.9931197001E-02          
2024-12-12                09:12:17.555              346.38353653              8313.204877               347.38353653              1734023537.556            0                         963                       1.3999710815E+02          4.5000511169E+01          1.8690924658E+01          4.5014640808E+01          4.5004631042E+01          2.0000000000E+00          0.0000000000E+00          5.1556383615E+04          0.0000000000E+00          3.3439648398E-01          3.3460897600E-01          3.3545821722E-01          3.3673261543E-01          3.3832382855E-01          3.3854755406E-01          3.3939686119E-01          3.4060605345E-01          4.3881956373E+02          4.4394061782E+02          2.0577723708E+00          2.0754368106E+00          6.6057397646E-01          4.8475931960E-02          0.0000000000E+00          6.7218097800E-01          5.9321665073E+01          7.7726624289E-01          4.0073024462E+01          4.4828842124E+02          3.7607669138E-02          
2024-12-12                09:12:18.177              346.38354372              8313.205049               347.38354372              1734023538.177            0                         963                       1.3999855042E+02          4.5000511169E+01          1.8750000000E+01          4.5014640808E+01          4.5004631042E+01          4.6000000000E+01          0.0000000000E+00          5.1556464844E+04          0.0000000000E+00          3.3440645969E-01          3.3450849531E-01          3.3544678157E-01          3.3670760862E-01          3.3833540208E-01          3.3844658164E-01          3.3938576022E-01          3.4058141961E-01          4.3901286933E+02          4.4413808054E+02          2.0576705921E+00          2.0753408218E+00          6.6082087033E-01          5.9625373012E-02          0.0000000000E+00          6.7218097800E-01          5.9525765777E+01          7.7726624289E-01          4.0073024462E+01          4.4828842124E+02          3.7607669138E-02          
2024-12-12                09:12:19.177              346.38355529              8313.205327               347.38355529              1734023539.177            0                         963                       1.3999805511E+02          4.5000625481E+01          1.8750000000E+01          4.5014605635E+01          4.5004631042E+01          4.7000000000E+01          0.0000000000E+00          5.1556162199E+04          0.0000000000E+00          3.3442108563E-01          3.3443100280E-01          3.3534572359E-01          3.3666188224E-01          3.3835264817E-01          3.3836872526E-01          3.3928444406E-01          3.4053631312E-01          4.3895925228E+02          4.4408705030E+02          2.0575069925E+00          2.0751868337E+00          6.6122909135E-01          7.7570327800E-02          0.0000000000E+00          6.7153966179E-01          5.9525765777E+01          7.5286723579E-01          4.0073024462E+01          4.4828842124E+02          3.7607669138E-02          
2024-12-12                09:12:19.911              346.38356380              8313.205531               347.38356380              1734023539.912            0                         963                       1.3999805511E+02          4.5000625481E+01          1.8750000000E+01          4.5014605635E+01          4.5004631042E+01          4.7000000000E+01          0.0000000000E+00          5.1556162199E+04          0.0000000000E+00          3.3442305286E-01          3.3438970044E-01          3.3522271418E-01          3.3663220813E-01          3.3835643810E-01          3.3832720475E-01          3.3916037417E-01          3.4050698069E-01          4.3891984403E+02          4.4404954293E+02          2.0573867467E+00          2.0750736515E+00          6.6152914025E-01          9.0759807517E-02          0.0000000000E+00          6.7153966179E-01          5.9525765777E+01          7.5286723579E-01          4.0073024462E+01          4.4828842124E+02          3.7607669138E-02          
2024-12-12                09:12:20.217              346.38356733              8313.205616               347.38356733              1734023540.217            0                         963                       1.3999647522E+02          4.5000907898E+01          1.8750000000E+01          4.5014518738E+01          4.5004631042E+01          2.5000000000E+01          0.0000000000E+00          5.1555605469E+04          0.0000000000E+00          3.3659458390E-01          3.3439866158E-01          3.3523866615E-01          3.3663211981E-01          3.4055425941E-01          3.3833632611E-01          3.3917658213E-01          3.4050709168E-01          4.3890342405E+02          4.4403391090E+02          2.0573368559E+00          2.0750266917E+00          6.6165365364E-01          9.6248329372E-02          0.0000000000E+00          6.7153966179E-01          5.9525765777E+01          7.5286723579E-01          4.0073024462E+01          4.4811487350E+02          3.7607669138E-02          
2024-12-12                09:12:21.191              346.38357861              8313.205887               347.38357861              1734023541.192            0                         963                       1.3999524133E+02          4.5000907898E+01          1.8750000000E+01          4.5014518738E+01          4.5004631042E+01          4.7000000000E+01          0.0000000000E+00          5.1555161159E+04          0.0000000000E+00          3.4353637312E-01          3.3458100974E-01          3.3514087480E-01          3.3660804413E-01          3.4758015660E-01          3.3852083600E-01          3.3907819893E-01          3.4048392413E-01          4.3885093605E+02          4.4398394143E+02          2.0573327131E+00          2.0750332370E+00          6.6205170294E-01          1.1379341432E-01          0.0000000000E+00          6.8953011220E-01          5.9525765777E+01          7.4814621171E-01          4.0073024462E+01          4.4811487350E+02          3.7607669138E-02          
2024-12-12                09:12:21.928              346.38358714              8313.206091               347.38358714              1734023541.929            0                         963                       1.3999524133E+02          4.5000907898E+01          1.8750000000E+01          4.5014518738E+01          4.5004631042E+01          4.7000000000E+01          0.0000000000E+00          5.1555161159E+04          0.0000000000E+00          3.4353835285E-01          3.3480196667E-01          3.3526143376E-01          3.3661788206E-01          3.4758401345E-01          3.3874414713E-01          3.3920039827E-01          3.4049463078E-01          4.3881142215E+02          4.4394633271E+02          2.0573295646E+00          2.0750381674E+00          6.6235258965E-01          1.2701864028E-01          0.0000000000E+00          6.8953011220E-01          5.9525765777E+01          7.4814621171E-01          4.0073024462E+01          4.4811487350E+02          3.7607669138E-02          
2024-12-12                09:12:22.493              346.38359367              8313.206248               347.38359367              1734023542.493            0                         963                       1.3999641690E+02          4.5000907898E+01          1.8750000000E+01          4.5014518738E+01          4.5004631042E+01          2.0000000000E+00          0.0000000000E+00          5.1554519384E+04          0.0000000000E+00          3.4005103418E-01          3.3494158319E-01          3.3531712679E-01          3.3662594110E-01          3.4405703439E-01          3.3888496101E-01          3.3925687078E-01          3.4050299323E-01          4.3878129107E+02          4.4391766058E+02          2.0573271439E+00          2.0750419292E+00          6.6258284856E-01          1.3711478827E-01          0.0000000000E+00          6.8953011220E-01          5.9525765777E+01          7.4814621171E-01          4.0190168094E+01          4.4811487350E+02          1.2620697532E-01          
2024-12-12                09:12:23.109              346.38360081              8313.206419               347.38360081              1734023543.110            0                         963                       1.3999647522E+02          4.5000907898E+01          1.8750000000E+01          4.5014518738E+01          4.5004631042E+01          4.6000000000E+01          0.0000000000E+00          5.1554488281E+04          0.0000000000E+00          3.3623371446E-01          3.3502576133E-01          3.3535124874E-01          3.3663350017E-01          3.4019382781E-01          3.3896948903E-01          3.3929154207E-01          3.4051147278E-01          4.3874832286E+02          4.4388311545E+02          2.0573244945E+00          2.0750351450E+00          6.6243019665E-01          1.0993888769E-01          0.0000000000E+00          6.8953011220E-01          5.9490474227E+01          7.4814621171E-01          4.0190168094E+01          4.4811487350E+02          1.2620697532E-01          
2024-12-12                09:12:24.085              346.38361211              8313.206691               347.38361211              1734023544.086            0                         963                       1.3999920928E+02          4.5000907898E+01          1.8750000000E+01          4.5014518738E+01          4.5004631042E+01          4.7000000000E+01          0.0000000000E+00          5.1554458034E+04          0.0000000000E+00          3.3019202357E-01          3.3500761192E-01          3.3528742888E-01          3.3663264708E-01          3.3407969845E-01          3.3895048913E-01          3.3922701600E-01          3.4051224234E-01          4.3786568883E+02          4.4298861630E+02          2.0573209756E+00          2.0750257434E+00          6.6221294156E-01          6.6930141089E-02          0.0000000000E+00          6.6221023783E-01          5.9490474227E+01          7.2092749546E-01          4.0190168094E+01          4.4811487350E+02          1.2620697532E-01          
2024-12-12                09:12:24.825              346.38362066              8313.206896               347.38362066              1734023544.825            0                         963                       1.3999920928E+02          4.5000907898E+01          1.8750000000E+01          4.5014518738E+01          4.5004631042E+01          4.7000000000E+01          0.0000000000E+00          5.1554458034E+04          0.0000000000E+00          3.3018878522E-01          3.3504884098E-01          3.3518663425E-01          3.3661332391E-01          3.3407544788E-01          3.3899160346E-01          3.3912506926E-01          3.4049373202E-01          4.3719724207E+02          4.4231118852E+02          2.0573183259E+00          2.0750186399E+00          6.6204844757E-01          3.4397414060E-02          0.0000000000E+00          6.6221023783E-01          5.9490474227E+01          7.2092749546E-01          4.0190168094E+01          4.4811487350E+02          1.2620697532E-01          
2024-12-12                09:12:25.128              346.38362418              8313.206980               347.38362418              1734023545.129            0                         963                       1.4000000000E+02          4.5000907898E+01          1.8750000000E+01          4.5014518738E+01          4.5004631042E+01          2.5000000000E+01          0.0000000000E+00          5.1554500000E+04          0.0000000000E+00          3.3264979271E-01          3.3499431715E-01          3.3515713609E-01          3.3660401985E-01          3.3656501768E-01          3.3893645378E-01          3.3909530122E-01          3.4048450969E-01          4.3692218944E+02          4.4203244167E+02          2.0573172439E+00          2.0750157258E+00          6.6198078262E-01          2.1031929881E-02          0.0000000000E+00          6.6221023783E-01          5.9490474227E+01          7.2092749546E-01          4.0190168094E+01          4.4811031766E+02          1.2620697532E-01          
2024-12-12                09:12:26.101              346.38363544              8313.207251               347.38363544              1734023546.102            0                         963                       1.3999639072E+02          4.5002046876E+01          1.8750000000E+01          4.5014572975E+01          4.5004902228E+01          4.7000000000E+01          0.0000000000E+00          5.1553637201E+04          0.0000000000E+00          3.4052662159E-01          3.3539660816E-01          3.3514335251E-01          3.3661137373E-01          3.4453322437E-01          3.3934230842E-01          3.3908128773E-01          3.4049402345E-01          4.3604183708E+02          4.4114026966E+02          2.0570917710E+00          2.0747825050E+00          6.6176420022E-01          -2.1746141276E-02         0.0000000000E+00          6.8445689044E-01          5.9490474227E+01          7.7962359728E-01          4.0190168094E+01          4.4811031766E+02          1.2620697532E-01          
2024-12-12                09:12:26.835              346.38364392              8313.207454               347.38364392              1734023546.835            0                         963                       1.3999639072E+02          4.5002046876E+01          1.8750000000E+01          4.5014572975E+01          4.5004902228E+01          4.7000000000E+01          0.0000000000E+00          5.1553637201E+04          0.0000000000E+00          3.4052339860E-01          3.3554206485E-01          3.3519683420E-01          3.3662999767E-01          3.4452896702E-01          3.3948891441E-01          3.3913536264E-01          3.4051403253E-01          4.3537881523E+02          4.4046835011E+02          2.0569218940E+00          2.0746067918E+00          6.6160103720E-01          -5.4014528119E-02         0.0000000000E+00          6.8445689044E-01          5.9490474227E+01          7.7962359728E-01          4.0190168094E+01          4.4811031766E+02          1.2620697532E-01          
2024-12-12                09:12:27.401              346.38365049              8313.207612               347.38365049              1734023547.402            0                         963                       1.3999783215E+02          4.5002189636E+01          1.8750000000E+01          4.5014579773E+01          4.5004936218E+01          2.0000000000E+00          0.0000000000E+00          5.1553393354E+04          0.0000000000E+00          3.4046956687E-01          3.3568627732E-01          3.3525814504E-01          3.3663901075E-01          3.4447373147E-01          3.3963428452E-01          3.3919743670E-01          3.4052332759E-01          4.3486594725E+02          4.3994860211E+02          2.0567904883E+00          2.0744708721E+00          6.6147482623E-01          -7.8975566605E-02         0.0000000000E+00          6.8445689044E-01          5.9490474227E+01          7.7962359728E-01          4.0118713039E+01          4.4811031766E+02          -8.9789929364E-02         
2024-12-12                09:12:28.046              346.38365794              8313.207791               347.38365794              1734023548.046            0                         963                       1.3999888611E+02          4.5002189636E+01          1.8750000000E+01          4.5014579773E+01          4.5004936218E+01          4.6000000000E+01          0.0000000000E+00          5.1553273438E+04          0.0000000000E+00          3.4041483009E-01          3.3577514301E-01          3.3530972249E-01          3.3666818214E-01          3.4442262776E-01          3.3972378402E-01          3.3924961247E-01          3.4055403695E-01          4.3428343390E+02          4.3936482870E+02          2.0566412381E+00          2.0743392211E+00          6.6217534566E-01          -8.3559008151E-02         0.0000000000E+00          6.8445689044E-01          5.8894742272E+01          7.7962359728E-01          4.0118713039E+01          4.4811031766E+02          -8.9789929364E-02         
2024-12-12                09:12:29.045              346.38366950              8313.208068               347.38366950              1734023549.045            0                         963                       1.3999847379E+02          4.5002189636E+01          1.8750000000E+01          4.5014579773E+01          4.5004936218E+01          4.7000000000E+01          0.0000000000E+00          5.1552864416E+04          0.0000000000E+00          3.4033729003E-01          3.3580128849E-01          3.3538242343E-01          3.3671932662E-01          3.4435047531E-01          3.3975011146E-01          3.3932315923E-01          3.4060807881E-01          4.3525014766E+02          4.4035070253E+02          2.0564082017E+00          2.0741320007E+00          6.6320754396E-01          -9.0622615662E-02         0.0000000000E+00          6.8269328505E-01          5.8894742272E+01          7.3156747573E-01          4.0118713039E+01          4.4811031766E+02          -8.9789929364E-02         
2024-12-12                09:12:29.779              346.38367801              8313.208272               347.38367801              1734023549.780            0                         963                       1.3999847379E+02          4.5002189636E+01          1.8750000000E+01          4.5014579773E+01          4.5004936218E+01          4.7000000000E+01          0.0000000000E+00          5.1552864416E+04          0.0000000000E+00          3.4034679114E-01          3.3573136213E-01          3.3547000579E-01          3.3675526252E-01          3.4436472437E-01          3.3967956866E-01          3.3941200399E-01          3.4064573095E-01          4.3596139147E+02          4.4107606599E+02          2.0562367486E+00          2.0739795389E+00          6.6396701049E-01          -9.5819093945E-02         0.0000000000E+00          6.8269328505E-01          5.8894742272E+01          7.3156747573E-01          4.0118713039E+01          4.4811031766E+02          -8.9789929364E-02         
2024-12-12                09:12:30.088              346.38368157              8313.208358               347.38368157              1734023550.088            0                         963                       1.3999710083E+02          4.5001548767E+01          1.8750000000E+01          4.5014793396E+01          4.5004814148E+01          2.5000000000E+01          0.0000000000E+00          5.1552140625E+04          0.0000000000E+00          3.3826034739E-01          3.3578883907E-01          3.3550245162E-01          3.3675879558E-01          3.4225558231E-01          3.3973811443E-01          3.3944506885E-01          3.4064950995E-01          4.3625950092E+02          4.4138009875E+02          2.0561648949E+00          2.0739156427E+00          6.6428527191E-01          -9.8011434935E-02         0.0000000000E+00          6.8269328505E-01          5.8894742272E+01          7.3156747573E-01          4.0118713039E+01          4.4786256161E+02          -8.9789929364E-02         
2024-12-12                09:12:31.086              346.38369314              8313.208635               347.38369314              1734023551.087            0                         963                       1.3999591419E+02          4.5001548767E+01          1.8750000000E+01          4.5014793396E+01          4.5004814148E+01          4.7000000000E+01          0.0000000000E+00          5.1551664195E+04          0.0000000000E+00          3.3149296652E-01          3.3537394093E-01          3.3552504583E-01          3.3678878978E-01          3.3541441594E-01          3.3931898432E-01          3.3946840510E-01          3.4068236569E-01          4.3722642358E+02          4.4236625734E+02          2.0561349549E+00          2.0739132439E+00          6.6531760810E-01          -1.0512255538E-01         0.0000000000E+00          6.6607939660E-01          5.8894742272E+01          7.6798909847E-01          4.0118713039E+01          4.4786256161E+02          -8.9789929364E-02         
2024-12-12                09:12:31.822              346.38370166              8313.208840               347.38370166              1734023551.823            0                         963                       1.3999591419E+02          4.5001548767E+01          1.8750000000E+01          4.5014793396E+01          4.5004814148E+01          4.7000000000E+01          0.0000000000E+00          5.1551664195E+04          0.0000000000E+00          3.3150249028E-01          3.3525187503E-01          3.3554443364E-01          3.3677748111E-01          3.3542857485E-01          3.3919642619E-01          3.3948855108E-01          3.4067227505E-01          4.3793863709E+02          4.4309266389E+02          2.0561129133E+00          2.0739114941E+00          6.6607821342E-01          -1.1032628657E-01         0.0000000000E+00          6.6607939660E-01          5.8894742272E+01          7.6798909847E-01          4.0118713039E+01          4.4786256161E+02          -8.9789929364E-02         
2024-12-12                09:12:32.388              346.38370819              8313.208997               347.38370819              1734023552.388            0                         963                       1.3999986936E+02          4.5001548767E+01          1.8799229452E+01          4.5014793396E+01          4.5004814148E+01          2.0000000000E+00          0.0000000000E+00          5.1551906411E+04          0.0000000000E+00          3.3402027175E-01          3.3518859669E-01          3.3552671082E-01          3.3677100879E-01          3.3797967085E-01          3.3913359728E-01          3.3947100596E-01          3.4066595438E-01          4.3848529972E+02          4.4365023433E+02          2.0560960008E+00          2.0739101597E+00          6.6666212780E-01          -1.1430326188E-01         0.0000000000E+00          6.6607939660E-01          5.8894742272E+01          7.6798909847E-01          4.0427228089E+01          4.4786256161E+02          -1.2516262967E-01         
2024-12-12                09:12:33.026              346.38371558              8313.209174               347.38371558              1734023553.026            0                         963                       1.3999964905E+02          4.5001548767E+01          1.8812500000E+01          4.5014793396E+01          4.5004814148E+01          4.6000000000E+01          0.0000000000E+00          5.1551863281E+04          0.0000000000E+00          3.3685020719E-01          3.3526100389E-01          3.3564555031E-01          3.3675018995E-01          3.4083836780E-01          3.3920806276E-01          3.3959210958E-01          3.4064615901E-01          4.3910259847E+02          4.4426847675E+02          2.0560769042E+00          2.0738695938E+00          6.6587083994E-01          -8.5699242151E-02         0.0000000000E+00          6.6607939660E-01          5.9537754261E+01          7.6798909847E-01          4.0427228089E+01          4.4786256161E+02          -1.2516262967E-01         
2024-12-12                09:12:34.029              346.38372720              8313.209453               347.38372720              1734023554.030            0                         963                       1.3999981412E+02          4.5001548767E+01          1.8750000000E+01          4.5014793396E+01          4.5004814148E+01          4.7000000000E+01          0.0000000000E+00          5.1551762863E+04          0.0000000000E+00          3.4129978690E-01          3.3551363790E-01          3.3571669255E-01          3.3672099719E-01          3.4533317384E-01          3.3946463776E-01          3.3966463864E-01          3.4061872826E-01          4.3910977816E+02          4.4426618652E+02          2.0560476326E+00          2.0738073041E+00          6.6465381096E-01          -4.0709951853E-02         0.0000000000E+00          6.8444613727E-01          5.9537754261E+01          7.2774270125E-01          4.0427228089E+01          4.4786256161E+02          -1.2516262967E-01         
2024-12-12                09:12:34.766              346.38373573              8313.209657               347.38373573              1734023554.767            0                         963                       1.3999981412E+02          4.5001548767E+01          1.8750000000E+01          4.5014793396E+01          4.5004814148E+01          4.7000000000E+01          0.0000000000E+00          5.1551762863E+04          0.0000000000E+00          3.4129134318E-01          3.3589156456E-01          3.3573496097E-01          3.3672152549E-01          3.4531916211E-01          3.3984773915E-01          3.3968362320E-01          3.4062025719E-01          4.3911514942E+02          4.4426460792E+02          2.0560261348E+00          2.0737615714E+00          6.6376048876E-01          -7.7080812658E-03         0.0000000000E+00          6.8444613727E-01          5.9537754261E+01          7.2774270125E-01          4.0427228089E+01          4.4786256161E+02          -1.2516262967E-01         
2024-12-12                09:12:35.071              346.38373925              8313.209742               347.38373925              1734023555.071            0                         963                       1.4000027466E+02          4.5001548767E+01          1.8750000000E+01          4.5014793396E+01          4.5004814148E+01          2.5000000000E+01          0.0000000000E+00          5.1551789062E+04          0.0000000000E+00          3.3925857798E-01          3.3622205933E-01          3.3577593326E-01          3.3672748101E-01          3.4326016689E-01          3.4018272052E-01          3.3972521092E-01          3.4062645416E-01          4.3911742751E+02          4.4426402014E+02          2.0560172607E+00          2.0737427015E+00          6.6339202102E-01          5.8902934631E-03          0.0000000000E+00          6.8444613727E-01          5.9537754261E+01          7.2774270125E-01          4.0427228089E+01          4.4783133084E+02          -1.2516262967E-01         
2024-12-12                09:12:36.072              346.38375083              8313.210020               347.38375083              1734023556.072            0                         963                       1.3999827627E+02          4.5001821430E+01          1.8750000000E+01          4.5014793396E+01          4.5004923213E+01          4.7000000000E+01          0.0000000000E+00          5.1551407952E+04          0.0000000000E+00          3.3256517294E-01          3.3635573177E-01          3.3565417996E-01          3.3668867233E-01          3.3648058316E-01          3.4031836159E-01          3.3960277185E-01          3.4058875606E-01          4.3912493052E+02          4.4426208714E+02          2.0561213570E+00          2.0738150187E+00          6.6217880945E-01          5.0666357870E-02          0.0000000000E+00          6.6746071544E-01          5.9537754261E+01          7.3992056766E-01          4.0427228089E+01          4.4783133084E+02          -1.2516262967E-01         
2024-12-12                09:12:36.808              346.38375935              8313.210224               347.38375935              1734023556.808            0                         963                       1.3999827627E+02          4.5001821430E+01          1.8750000000E+01          4.5014793396E+01          4.5004923213E+01          4.7000000000E+01          0.0000000000E+00          5.1551407952E+04          0.0000000000E+00          3.3255674894E-01          3.3635263808E-01          3.3560827472E-01          3.3665106824E-01          3.3646674009E-01          3.4031540325E-01          3.3955666997E-01          3.4055154144E-01          4.3913029582E+02          4.4426051326E+02          2.0561979112E+00          2.0738682071E+00          6.6128683863E-01          8.3623330029E-02          0.0000000000E+00          6.6746071544E-01          5.9537754261E+01          7.3992056766E-01          4.0427228089E+01          4.4783133084E+02          -1.2516262967E-01         
2024-12-12                09:12:37.374              346.38376590              8313.210382               347.38376590              1734023557.374            0                         963                       1.3999987213E+02          4.5001853943E+01          1.8750000000E+01          4.5014793396E+01          4.5004936218E+01          2.0000000000E+00          0.0000000000E+00          5.1551509498E+04          0.0000000000E+00          3.3214181464E-01          3.3633973501E-01          3.3555751849E-01          3.3664048313E-01          3.3604284196E-01          3.4030234658E-01          3.3950562039E-01          3.4054095764E-01          4.3913443444E+02          4.4425931593E+02          2.0562567818E+00          2.0739091089E+00          6.6060092622E-01          1.0896507228E-01          0.0000000000E+00          6.6746071544E-01          5.9537754261E+01          7.3992056766E-01          4.0075192159E+01          4.4783133084E+02          9.8103081647E-02          
2024-12-12                09:12:38.016              346.38377334              8313.210560               347.38377334              1734023558.017            0                         963                       1.4000068665E+02          4.5001853943E+01          1.8750000000E+01          4.5014793396E+01          4.5004936218E+01          4.6000000000E+01          0.0000000000E+00          5.1551515625E+04          0.0000000000E+00          3.3167889497E-01          3.3631614725E-01          3.3549602076E-01          3.3658678952E-01          3.3557515753E-01          3.4027843450E-01          3.3944371788E-01          3.4048747008E-01          4.3913913081E+02          4.4426495264E+02          2.0563236602E+00          2.0739795947E+00          6.6071386209E-01          1.0442557025E-01          0.0000000000E+00          6.6746071544E-01          5.9542603281E+01          7.3992056766E-01          4.0075192159E+01          4.4783133084E+02          9.8103081647E-02          
2024-12-12                09:12:39.016              346.38378491              8313.210838               347.38378491              1734023559.016            0                         963                       1.3999937284E+02          4.5001853943E+01          1.8750000000E+01          4.5014793396E+01          4.5004936218E+01          4.7000000000E+01          0.0000000000E+00          5.1551340250E+04          0.0000000000E+00          3.3095772281E-01          3.3627591173E-01          3.3542019103E-01          3.3649678299E-01          3.3484664175E-01          3.4023765736E-01          3.3936728117E-01          3.4039795582E-01          4.3865032710E+02          4.4377202352E+02          2.0564279676E+00          2.0740899000E+00          6.6090379043E-01          9.7360438474E-02          0.0000000000E+00          6.6466052414E-01          5.9542603281E+01          7.5294170264E-01          4.0075192159E+01          4.4783133084E+02          9.8103081647E-02          
2024-12-12                09:12:39.755              346.38379346              8313.211043               347.38379346              1734023559.755            0                         963                       1.3999937284E+02          4.5001853943E+01          1.8750000000E+01          4.5014793396E+01          4.5004936218E+01          4.7000000000E+01          0.0000000000E+00          5.1551340250E+04          0.0000000000E+00          3.3095754596E-01          3.3623597759E-01          3.3533507541E-01          3.3647406446E-01          3.3484729674E-01          3.4019712354E-01          3.3928138658E-01          3.4037578351E-01          4.3828872313E+02          4.4340736556E+02          2.0565051296E+00          2.0741714994E+00          6.6104428980E-01          9.2137847587E-02          0.0000000000E+00          6.6466052414E-01          5.9542603281E+01          7.5294170264E-01          4.0075192159E+01          4.4783133084E+02          9.8103081647E-02          
2024-12-12                09:12:40.055              346.38379694              8313.211127               347.38379694              1734023560.056            0                         963                       1.3999620056E+02          4.5001213074E+01          1.8750000000E+01          4.5014640808E+01          4.5004753113E+01          2.5000000000E+01          0.0000000000E+00          5.1550660156E+04          0.0000000000E+00          3.3335063563E-01          3.3625166389E-01          3.3531200053E-01          3.3646673246E-01          3.3726885206E-01          3.4021281070E-01          3.3925798502E-01          3.4036849024E-01          4.3814136550E+02          4.4325876266E+02          2.0565365660E+00          2.0742047433E+00          6.6110151843E-01          9.0027556876E-02          0.0000000000E+00          6.6466052414E-01          5.9542603281E+01          7.5294170264E-01          4.0075192159E+01          4.4794276242E+02          9.8103081647E-02          
2024-12-12                09:12:41.055              346.38380851              8313.211404               347.38380851              1734023561.055            0                         963                       1.3999751599E+02          4.5001213074E+01          1.8781325666E+01          4.5014640808E+01          4.5004753113E+01          4.7000000000E+01          0.0000000000E+00          5.1550810911E+04          0.0000000000E+00          3.4129314362E-01          3.3642263464E-01          3.3533839845E-01          3.3645848808E-01          3.4530587083E-01          3.4038560848E-01          3.3928507819E-01          3.4036165772E-01          4.3765229359E+02          4.4276555567E+02          2.0565518448E+00          2.0742252664E+00          6.6129145326E-01          8.3023744042E-02          0.0000000000E+00          6.8576622350E-01          5.9542603281E+01          7.7201129459E-01          4.0075192159E+01          4.4794276242E+02          9.8103081647E-02          
2024-12-12                09:12:41.792              346.38381705              8313.211609               347.38381705              1734023561.793            0                         963                       1.3999751599E+02          4.5001213074E+01          1.8781325666E+01          4.5014640808E+01          4.5004753113E+01          4.7000000000E+01          0.0000000000E+00          5.1550810911E+04          0.0000000000E+00          3.4129296290E-01          3.3649843106E-01          3.3547642748E-01          3.3645974529E-01          3.4530654678E-01          3.4046204812E-01          3.3942482347E-01          3.4036369285E-01          4.3729117805E+02          4.4240138535E+02          2.0565631129E+00          2.0742404083E+00          6.6143176227E-01          7.7808300657E-02          0.0000000000E+00          6.8576622350E-01          5.9542603281E+01          7.7201129459E-01          4.0075192159E+01          4.4794276242E+02          9.8103081647E-02          
2024-12-12                09:12:42.357              346.38382358              8313.211766               347.38382358              1734023562.357            0                         963                       1.3999737026E+02          4.5001213074E+01          1.8812500000E+01          4.5014640808E+01          4.5004753113E+01          2.0000000000E+00          0.0000000000E+00          5.1550618338E+04          0.0000000000E+00          3.4083305323E-01          3.3656349892E-01          3.3560898777E-01          3.3647001127E-01          3.4484188452E-01          3.4052758588E-01          3.3955898967E-01          3.4037420504E-01          4.3701521774E+02          4.4212308945E+02          2.0565717227E+00          2.0742519788E+00          6.6153899074E-01          7.3819266307E-02          0.0000000000E+00          6.8576622350E-01          5.9542603281E+01          7.7201129459E-01          4.0126250458E+01          4.4794276242E+02          6.2948785979E-02          
2024-12-12                09:12:42.970              346.38383068              8313.211936               347.38383068              1734023562.971            0                         963                       1.3999909973E+02          4.5001213074E+01          1.8812500000E+01          4.5014640808E+01          4.5004753113E+01          4.6000000000E+01          0.0000000000E+00          5.1550859375E+04          0.0000000000E+00          3.4033250611E-01          3.3661805197E-01          3.3571092048E-01          3.3646860038E-01          3.4433631936E-01          3.4058245789E-01          3.3966213658E-01          3.4037345439E-01          4.3671479328E+02          4.4182032108E+02          2.0565810960E+00          2.0742652647E+00          6.6168133343E-01          7.2257335775E-02          0.0000000000E+00          6.8576622350E-01          5.9219157447E+01          7.7201129459E-01          4.0126250458E+01          4.4794276242E+02          6.2948785979E-02          
2024-12-12                09:12:43.961              346.38384215              8313.212212               347.38384215              1734023563.962            0                         963                       1.4000040766E+02          4.5001213074E+01          1.8812500000E+01          4.5014640808E+01          4.5004753113E+01          4.7000000000E+01          0.0000000000E+00          5.1551082060E+04          0.0000000000E+00          3.3953006141E-01          3.3665543959E-01          3.3577601106E-01          3.3645612720E-01          3.4352558899E-01          3.4062005156E-01          3.3972807099E-01          3.4036190902E-01          4.3761087539E+02          4.4272819313E+02          2.0565951071E+00          2.0742844974E+00          6.6187081443E-01          6.9770644591E-02          0.0000000000E+00          6.8186978892E-01          5.9219157447E+01          7.5868785036E-01          4.0126250458E+01          4.4794276242E+02          6.2948785979E-02          
2024-12-12                09:12:44.703              346.38385073              8313.212418               347.38385073              1734023564.703            0                         963                       1.4000040766E+02          4.5001213074E+01          1.8812500000E+01          4.5014640808E+01          4.5004753113E+01          4.7000000000E+01          0.0000000000E+00          5.1551082060E+04          0.0000000000E+00          3.3953411137E-01          3.3669501745E-01          3.3579884402E-01          3.3645929621E-01          3.4353054936E-01          3.4065997628E-01          3.3975133920E-01          3.4036561311E-01          4.3828088387E+02          4.4340702099E+02          2.0566055856E+00          2.0742988803E+00          6.6201249688E-01          6.7915539847E-02          0.0000000000E+00          6.8186978892E-01          5.9219157447E+01          7.5868785036E-01          4.0126250458E+01          4.4794276242E+02          6.2948785979E-02          
2024-12-12                09:12:45.009              346.38385428              8313.212503               347.38385428              1734023565.010            0                         963                       1.3999661255E+02          4.5001274109E+01          1.8812500000E+01          4.5014884949E+01          4.5004936218E+01          2.5000000000E+01          0.0000000000E+00          5.1550531250E+04          0.0000000000E+00          3.3846809247E-01          3.3670987999E-01          3.3582988179E-01          3.3646401169E-01          3.4245234045E-01          3.4067497489E-01          3.3978274619E-01          3.4037051153E-01          4.3855850462E+02          4.4368829702E+02          2.0566099234E+00          2.0743048357E+00          6.6207119614E-01          6.7139417266E-02          0.0000000000E+00          6.8186978892E-01          5.9219157447E+01          7.5868785036E-01          4.0126250458E+01          4.4795859594E+02          6.2948785979E-02          
2024-12-12                09:12:45.986              346.38386558              8313.212774               347.38386558              1734023565.986            0                         963                       1.3999785915E+02          4.5001274109E+01          1.8812500000E+01          4.5014884949E+01          4.5004936218E+01          4.7000000000E+01          0.0000000000E+00          5.1550682005E+04          0.0000000000E+00          3.3507904397E-01          3.3666477806E-01          3.3577412466E-01          3.3645196141E-01          3.3902452296E-01          3.4062935853E-01          3.3972682519E-01          3.4035901352E-01          4.3944110111E+02          4.4458251791E+02          2.0564459559E+00          2.0741445011E+00          6.6225780191E-01          6.4672221982E-02          0.0000000000E+00          6.7375874604E-01          5.9219157447E+01          7.8566272521E-01          4.0126250458E+01          4.4795859594E+02          6.2948785979E-02          
2024-12-12                09:12:46.720              346.38387409              8313.212978               347.38387409              1734023566.721            0                         963                       1.3999785915E+02          4.5001274109E+01          1.8812500000E+01          4.5014884949E+01          4.5004936218E+01          4.7000000000E+01          0.0000000000E+00          5.1550682005E+04          0.0000000000E+00          3.3508305270E-01          3.3668076807E-01          3.3572087666E-01          3.3644363189E-01          3.3902942343E-01          3.4064566643E-01          3.3967330814E-01          3.4035098269E-01          4.4010568261E+02          4.4525585637E+02          2.0563224846E+00          2.0740237652E+00          6.6239833323E-01          6.2832301915E-02          0.0000000000E+00          6.7375874604E-01          5.9219157447E+01          7.8566272521E-01          4.0126250458E+01          4.4795859594E+02          6.2948785979E-02          
2024-12-12                09:12:47.285              346.38388061              8313.213135               347.38388061              1734023567.285            0                         963                       1.3999792993E+02          4.5001274109E+01          1.8812500000E+01          4.5014884949E+01          4.5004936218E+01          2.0000000000E+00          0.0000000000E+00          5.1550210055E+04          0.0000000000E+00          3.3543821237E-01          3.3670509320E-01          3.3567186461E-01          3.3644127176E-01          3.3938941429E-01          3.4067049330E-01          3.3962414362E-01          3.4034872548E-01          4.4061563633E+02          4.4577253185E+02          2.0562277404E+00          2.0739311197E+00          6.6250617059E-01          6.1422932402E-02          0.0000000000E+00          6.7375874604E-01          5.9219157447E+01          7.8566272521E-01          4.0188748861E+01          4.4795859594E+02          5.0500894347E-02          
2024-12-12                09:12:47.898              346.38388772              8313.213305               347.38388772              1734023567.899            0                         963                       1.3999771118E+02          4.5001274109E+01          1.8812500000E+01          4.5014884949E+01          4.5004936218E+01          4.6000000000E+01          0.0000000000E+00          5.1550093750E+04          0.0000000000E+00          3.3582820823E-01          3.3673838912E-01          3.3563775966E-01          3.3643401421E-01          3.3978711621E-01          3.4070452324E-01          3.3959014244E-01          3.4034179824E-01          4.4117079865E+02          4.4633816321E+02          2.0561245969E+00          2.0738410139E+00          6.6302295498E-01          6.0097369029E-02          0.0000000000E+00          6.7375874604E-01          5.9813708910E+01          7.8566272521E-01          4.0188748861E+01          4.4795859594E+02          5.0500894347E-02          
2024-12-12                09:12:48.878              346.38389905              8313.213577               347.38389905              1734023568.878            0                         963                       1.3999714191E+02          4.5001274109E+01          1.8792070218E+01          4.5014884949E+01          4.5004936218E+01          4.7000000000E+01          0.0000000000E+00          5.1549297433E+04          0.0000000000E+00          3.3644398887E-01          3.3678577352E-01          3.3562235642E-01          3.3641779760E-01          3.4041539796E-01          3.4075289524E-01          3.3957502392E-01          3.4032612143E-01          4.4051980343E+02          4.4568650502E+02          2.0559613814E+00          2.0736998015E+00          6.6389177623E-01          5.7945680753E-02          0.0000000000E+00          6.7519072775E-01          5.9813708910E+01          7.4177613380E-01          4.0188748861E+01          4.4795859594E+02          5.0500894347E-02          
2024-12-12                09:12:49.615              346.38390759              8313.213782               347.38390759              1734023569.616            0                         963                       1.3999714191E+02          4.5001274109E+01          1.8792070218E+01          4.5014884949E+01          4.5004936218E+01          4.7000000000E+01          0.0000000000E+00          5.1549297433E+04          0.0000000000E+00          3.3644747798E-01          3.3683289892E-01          3.3562527905E-01          3.3639275053E-01          3.4042288061E-01          3.4080104018E-01          3.3957833052E-01          3.4030125039E-01          4.4002907762E+02          4.4519526682E+02          2.0558383431E+00          2.0735933485E+00          6.6454675006E-01          5.6320417691E-02          0.0000000000E+00          6.7519072775E-01          5.9813708910E+01          7.4177613380E-01          4.0188748861E+01          4.4795859594E+02          5.0500894347E-02          
2024-12-12                09:12:49.924              346.38391117              8313.213868               347.38391117              1734023569.925            0                         963                       1.3999710083E+02          4.5001274109E+01          1.8750000000E+01          4.5014884949E+01          4.5004936218E+01          2.5000000000E+01          0.0000000000E+00          5.1548832031E+04          0.0000000000E+00          3.3622886568E-01          3.3687489457E-01          3.3563229750E-01          3.3639236583E-01          3.4020333929E-01          3.4084399137E-01          3.3958559806E-01          3.4030102055E-01          4.3982361790E+02          4.4498958938E+02          2.0557868264E+00          2.0735487756E+00          6.6482099464E-01          5.5638366521E-02          0.0000000000E+00          6.7519072775E-01          5.9813708910E+01          7.4177613380E-01          4.0188748861E+01          4.4778193545E+02          5.0500894347E-02          
2024-12-12                09:12:50.908              346.38392256              8313.214141               347.38392256              1734023570.909            0                         963                       1.3999781604E+02          4.5000813094E+01          1.8805538741E+01          4.5014803593E+01          4.5004936218E+01          4.7000000000E+01          0.0000000000E+00          5.1548469857E+04          0.0000000000E+00          3.3553271176E-01          3.3685019986E-01          3.3562359576E-01          3.3633412740E-01          3.3950421306E-01          3.4081957169E-01          3.3957714557E-01          3.4024292514E-01          4.3916934045E+02          4.4433460587E+02          2.0557733350E+00          2.0735586811E+00          6.6569435568E-01          5.3466213760E-02          0.0000000000E+00          6.7288940254E-01          5.9813708910E+01          7.2526455138E-01          4.0188748861E+01          4.4778193545E+02          5.0500894347E-02          
2024-12-12                09:12:51.642              346.38393105              8313.214345               347.38393105              1734023571.643            0                         963                       1.3999781604E+02          4.5000813094E+01          1.8805538741E+01          4.5014803593E+01          4.5004936218E+01          4.7000000000E+01          0.0000000000E+00          5.1548469857E+04          0.0000000000E+00          3.3553618913E-01          3.3666414907E-01          3.3564123087E-01          3.3629468473E-01          3.3951165252E-01          3.4063193206E-01          3.3959514578E-01          3.4020351581E-01          4.3868127591E+02          4.4384600176E+02          2.0557632730E+00          2.0735660726E+00          6.6634585677E-01          5.1849622469E-02          0.0000000000E+00          6.7288940254E-01          5.9813708910E+01          7.2526455138E-01          4.0188748861E+01          4.4778193545E+02          5.0500894347E-02          
2024-12-12                09:12:52.204              346.38393756              8313.214501               347.38393756              1734023572.205            0                         963                       1.4000107705E+02          4.5000755310E+01          1.8812500000E+01          4.5014793396E+01          4.5004936218E+01          2.0000000000E+00          0.0000000000E+00          5.1548874438E+04          0.0000000000E+00          3.3470335633E-01          3.3645868404E-01          3.3563032535E-01          3.3629094922E-01          3.3867194795E-01          3.4042467472E-01          3.3958441092E-01          3.4019992058E-01          4.3830760647E+02          4.4347191213E+02          2.0557555662E+00          2.0735717299E+00          6.6684470679E-01          5.0605948047E-02          0.0000000000E+00          6.7288940254E-01          5.9813708910E+01          7.2526455138E-01          4.0437722329E+01          4.4778193545E+02          3.9745742487E-02          
2024-12-12                09:12:52.845              346.38394498              8313.214679               347.38394498              1734023572.846            0                         963                       1.4000656128E+02          4.5000755310E+01          1.8812500000E+01          4.5014793396E+01          4.5004936218E+01          4.6000000000E+01          0.0000000000E+00          5.1549976562E+04          0.0000000000E+00          3.3374183202E-01          3.3631195841E-01          3.3566221452E-01          3.3623713824E-01          3.3769393574E-01          3.4027669568E-01          3.3961637782E-01          3.4014593892E-01          4.3788140934E+02          4.4303411998E+02          2.0557467756E+00          2.0735399817E+00          6.6599474067E-01          3.8794932358E-02          0.0000000000E+00          6.7288940254E-01          5.9374795183E+01          7.2526455138E-01          4.0437722329E+01          4.4778193545E+02          3.9745742487E-02          
2024-12-12                09:12:53.825              346.38395632              8313.214952               347.38395632              1734023573.826            0                         963                       1.4000332878E+02          4.5000755310E+01          1.8812500000E+01          4.5014793396E+01          4.5004936218E+01          4.7000000000E+01          0.0000000000E+00          5.1550006545E+04          0.0000000000E+00          3.3227467283E-01          3.3621988767E-01          3.3567753481E-01          3.3613455376E-01          3.3620153331E-01          3.4018385162E-01          3.3963172887E-01          3.4004282071E-01          4.3796031645E+02          4.4310360066E+02          2.0557327450E+00          2.0734902772E+00          6.6467404302E-01          2.0755659950E-02          0.0000000000E+00          6.6741308381E-01          5.9374795183E+01          7.5977069301E-01          4.0437722329E+01          4.4778193545E+02          3.9745742487E-02          
2024-12-12                09:12:54.562              346.38396485              8313.215156               347.38396485              1734023574.563            0                         963                       1.4000332878E+02          4.5000755310E+01          1.8812500000E+01          4.5014793396E+01          4.5004936218E+01          4.7000000000E+01          0.0000000000E+00          5.1550006545E+04          0.0000000000E+00          3.3226696730E-01          3.3626814218E-01          3.3572284106E-01          3.3608935083E-01          3.3618781816E-01          3.4023287766E-01          3.3967737930E-01          3.3999744151E-01          4.3801962405E+02          4.4315581727E+02          2.0557221970E+00          2.0734529039E+00          6.6368089509E-01          7.1971317755E-03          0.0000000000E+00          6.6741308381E-01          5.9374795183E+01          7.5977069301E-01          4.0437722329E+01          4.4778193545E+02          3.9745742487E-02          
2024-12-12                09:12:54.865              346.38396836              8313.215241               347.38396836              1734023574.866            0                         963                       1.3999986267E+02          4.5000755310E+01          1.8812500000E+01          4.5014793396E+01          4.5004936218E+01          2.5000000000E+01          0.0000000000E+00          5.1549851562E+04          0.0000000000E+00          3.3225678700E-01          3.3631623524E-01          3.3568253811E-01          3.3608035420E-01          3.3617508470E-01          3.4028170643E-01          3.3963665494E-01          3.3998846885E-01          4.3804400717E+02          4.4317728471E+02          2.0557178604E+00          2.0734375395E+00          6.6327260334E-01          1.6228162393E-03          0.0000000000E+00          6.6741308381E-01          5.9374795183E+01          7.5977069301E-01          4.0437722329E+01          4.4776680847E+02          3.9745742487E-02          
2024-12-12                09:12:55.861              346.38397988              8313.215517               347.38397988              1734023575.862            0                         963                       1.3999705025E+02          4.5001335144E+01          1.8812500000E+01          4.5014732361E+01          4.5005119324E+01          4.7000000000E+01          0.0000000000E+00          5.1549251457E+04          0.0000000000E+00          3.3222331874E-01          3.3630631724E-01          3.3579646083E-01          3.3600538202E-01          3.3613322542E-01          3.4027166475E-01          3.3975138379E-01          3.3991309385E-01          4.3812415680E+02          4.4324784852E+02          2.0556416521E+00          2.0733245581E+00          6.6193056376E-01          -1.6700600710E-02         0.0000000000E+00          6.6767875712E-01          5.9374795183E+01          7.7122555213E-01          4.0437722329E+01          4.4776680847E+02          3.9745742487E-02          
2024-12-12                09:12:56.595              346.38398837              8313.215721               347.38398837              1734023576.595            0                         963                       1.3999705025E+02          4.5001335144E+01          1.8812500000E+01          4.5014732361E+01          4.5005119324E+01          4.7000000000E+01          0.0000000000E+00          5.1549251457E+04          0.0000000000E+00          3.3221565122E-01          3.3611303886E-01          3.3577230660E-01          3.3597381864E-01          3.3611958353E-01          3.4007599868E-01          3.3972661524E-01          3.3988142939E-01          4.3818314190E+02          4.4329977743E+02          2.0555855671E+00          2.0732414146E+00          6.6094296795E-01          -3.0185485504E-02         0.0000000000E+00          6.6767875712E-01          5.9374795183E+01          7.7122555213E-01          4.0437722329E+01          4.4776680847E+02          3.9745742487E-02          
2024-12-12                09:12:57.157              346.38399488              8313.215877               347.38399488              1734023577.158            0                         963                       1.3999553393E+02          4.5001335144E+01          1.8812500000E+01          4.5014732361E+01          4.5005119324E+01          2.0000000000E+00          0.0000000000E+00          5.1548515224E+04          0.0000000000E+00          3.3346224508E-01          3.3594882599E-01          3.3574544542E-01          3.3596792293E-01          3.3737628899E-01          3.3990965733E-01          3.3969928587E-01          3.3987554878E-01          4.3822840836E+02          4.4333962288E+02          2.0555424936E+00          2.0731775606E+00          6.6018446012E-01          -4.0534058286E-02         0.0000000000E+00          6.6767875712E-01          5.9374795183E+01          7.7122555213E-01          4.0049231848E+01          4.4776680847E+02          -5.1383791449E-02         
2024-12-12                09:12:57.799              346.38400230              8313.216055               347.38400230              1734023577.799            0                         963                       1.3999357605E+02          4.5001335144E+01          1.8812500000E+01          4.5014732361E+01          4.5005119324E+01          4.6000000000E+01          0.0000000000E+00          5.1547800781E+04          0.0000000000E+00          3.3489074606E-01          3.3581908597E-01          3.3574278843E-01          3.3595425863E-01          3.3882407262E-01          3.3977826992E-01          3.3969606696E-01          3.3986198910E-01          4.3827995414E+02          4.4339504318E+02          2.0554934543E+00          2.0731393857E+00          6.6060354869E-01          2.3638856751E-03          0.0000000000E+00          6.6767875712E-01          5.9427979296E+01          7.7122555213E-01          4.0049231848E+01          4.4776680847E+02          -5.1383791449E-02         
2024-12-12                09:12:58.776              346.38401362              8313.216327               347.38401362              1734023578.777            0                         963                       1.3999566248E+02          4.5001335144E+01          1.8812500000E+01          4.5014732361E+01          4.5005119324E+01          4.7000000000E+01          0.0000000000E+00          5.1547853899E+04          0.0000000000E+00          3.3707000518E-01          3.3574129934E-01          3.3571757632E-01          3.3593249581E-01          3.4103280227E-01          3.3969943676E-01          3.3967035410E-01          3.3984043076E-01          4.3829196579E+02          4.4341221730E+02          2.0554186869E+00          2.0730812470E+00          6.6124493257E-01          6.7813385044E-02          0.0000000000E+00          6.7679513268E-01          5.9427979296E+01          7.5217452189E-01          4.0049231848E+01          4.4776680847E+02          -5.1383791449E-02         
2024-12-12                09:12:59.512              346.38402213              8313.216531               347.38402213              1734023579.512            0                         963                       1.3999566248E+02          4.5001335144E+01          1.8812500000E+01          4.5014732361E+01          4.5005119324E+01          4.7000000000E+01          0.0000000000E+00          5.1547853899E+04          0.0000000000E+00          3.3707266646E-01          3.3566537787E-01          3.3564368269E-01          3.3591558265E-01          3.4103840882E-01          3.3962241196E-01          3.3959553462E-01          3.3982361309E-01          4.3830104334E+02          4.4342517557E+02          2.0553624914E+00          2.0730375483E+00          6.6172696935E-01          1.1698933985E-01          0.0000000000E+00          6.7679513268E-01          5.9427979296E+01          7.5217452189E-01          4.0049231848E+01          4.4776680847E+02          -5.1383791449E-02         
2024-12-12                09:12:59.839              346.38402593              8313.216622               347.38402593              1734023579.840            0                         963                       1.3999909973E+02          4.5001335144E+01          1.8812500000E+01          4.5014732361E+01          4.5005119324E+01          2.5000000000E+01          0.0000000000E+00          5.1547710938E+04          0.0000000000E+00          3.3732931973E-01          3.3559520411E-01          3.3566328312E-01          3.3591890128E-01          3.4129938283E-01          3.3955112495E-01          3.3961534681E-01          3.3982707734E-01          4.3830508640E+02          4.4343095046E+02          2.0553374145E+00          2.0730180482E+00          6.6194208712E-01          1.3893633275E-01          0.0000000000E+00          6.7679513268E-01          5.9427979296E+01          7.5217452189E-01          4.0049231848E+01          4.4768509229E+02          -5.1383791449E-02         
2024-12-12                09:13:00.835              346.38403744              8313.216899               347.38403744              1734023580.835            0                         963                       1.3999924567E+02          4.5001971580E+01          1.8812500000E+01          4.5014693789E+01          4.5005119324E+01          4.7000000000E+01          0.0000000000E+00          5.1547458876E+04          0.0000000000E+00          3.3810789675E-01          3.3559165875E-01          3.3552973905E-01          3.3588514499E-01          3.4209107942E-01          3.3954729930E-01          3.3948042094E-01          3.3979343128E-01          4.3831735347E+02          4.4344847156E+02          2.0554305556E+00          2.0731295444E+00          6.6259468103E-01          2.0551313186E-01          0.0000000000E+00          6.7883808881E-01          5.9427979296E+01          7.5192323122E-01          4.0049231848E+01          4.4768509229E+02          -5.1383791449E-02         
2024-12-12                09:13:01.572              346.38404598              8313.217104               347.38404598              1734023581.573            0                         963                       1.3999924567E+02          4.5001971580E+01          1.8812500000E+01          4.5014693789E+01          4.5005119324E+01          4.7000000000E+01          0.0000000000E+00          5.1547458876E+04          0.0000000000E+00          3.3811057513E-01          3.3574555662E-01          3.3554573024E-01          3.3587140442E-01          3.4209672462E-01          3.3970270183E-01          3.3949686977E-01          3.3977985371E-01          4.3832646977E+02          4.4346148542E+02          2.0554996373E+00          2.0732122419E+00          6.6307873176E-01          2.5488965147E-01          0.0000000000E+00          6.7883808881E-01          5.9427979296E+01          7.5192323122E-01          4.0049231848E+01          4.4768509229E+02          -5.1383791449E-02         
2024-12-12                09:13:02.141              346.38405256              8313.217261               347.38405256              1734023582.141            0                         963                       1.3999821216E+02          4.5002342224E+01          1.8812500000E+01          4.5014671326E+01          4.5005119324E+01          2.0000000000E+00          0.0000000000E+00          5.1547032829E+04          0.0000000000E+00          3.3841341551E-01          3.3590627581E-01          3.3557907542E-01          3.3587737158E-01          3.4240539625E-01          3.3986495349E-01          3.3953068984E-01          3.3978601695E-01          4.3833347684E+02          4.4347149236E+02          2.0555528069E+00          2.0732758918E+00          6.6345129021E-01          2.9289430109E-01          0.0000000000E+00          6.7883808881E-01          5.9427979296E+01          7.5192323122E-01          4.0240186479E+01          4.4768509229E+02          2.8200699133E-01          
2024-12-12                09:13:02.785              346.38406001              8313.217440               347.38406001              1734023582.785            0                         963                       1.3999819946E+02          4.5002342224E+01          1.8812500000E+01          4.5014671326E+01          4.5005119324E+01          4.6000000000E+01          0.0000000000E+00          5.1547023438E+04          0.0000000000E+00          3.3875358670E-01          3.3601635291E-01          3.3562442512E-01          3.3586580150E-01          3.4274777505E-01          3.3997583963E-01          3.3957728747E-01          3.3977464180E-01          4.3834140677E+02          4.4347718623E+02          2.0556130876E+00          2.0733286894E+00          6.6315423779E-01          2.3751983597E-01          0.0000000000E+00          6.7883808881E-01          5.9436189930E+01          7.5192323122E-01          4.0240186479E+01          4.4768509229E+02          2.8200699133E-01          
2024-12-12                09:13:03.789              346.38407163              8313.217719               347.38407163              1734023583.789            0                         963                       1.4000083846E+02          4.5002342224E+01          1.8812500000E+01          4.5014671326E+01          4.5005119324E+01          4.7000000000E+01          0.0000000000E+00          5.1547254568E+04          0.0000000000E+00          3.3928531946E-01          3.3607298342E-01          3.3572852859E-01          3.3584073841E-01          3.4328289562E-01          3.4003268912E-01          3.3968296331E-01          3.3974982993E-01          4.3871022034E+02          4.4384653888E+02          2.0557067773E+00          2.0734104300E+00          6.6268074870E-01          1.5119954780E-01          0.0000000000E+00          6.8125994188E-01          5.9436189930E+01          7.5499159931E-01          4.0240186479E+01          4.4768509229E+02          2.8200699133E-01          
2024-12-12                09:13:04.529              346.38408020              8313.217925               347.38408020              1734023584.529            0                         963                       1.4000083846E+02          4.5002342224E+01          1.8812500000E+01          4.5014671326E+01          4.5005119324E+01          4.7000000000E+01          0.0000000000E+00          5.1547254568E+04          0.0000000000E+00          3.3928537291E-01          3.3602613659E-01          3.3589611537E-01          3.3584576898E-01          3.4328082618E-01          3.3998496010E-01          3.3985278713E-01          3.3975524681E-01          4.3898206712E+02          4.4411877931E+02          2.0557758302E+00          2.0734706754E+00          6.6233177112E-01          8.7574256104E-02          0.0000000000E+00          6.8125994188E-01          5.9436189930E+01          7.5499159931E-01          4.0240186479E+01          4.4768509229E+02          2.8200699133E-01          
2024-12-12                09:13:04.834              346.38408373              8313.218009               347.38408373              1734023584.834            0                         963                       1.3999923706E+02          4.5002342224E+01          1.8812500000E+01          4.5014671326E+01          4.5005119324E+01          2.5000000000E+01          0.0000000000E+00          5.1546980469E+04          0.0000000000E+00          3.3977598016E-01          3.3599089559E-01          3.3594123007E-01          3.3585499483E-01          3.4377633387E-01          3.3994908038E-01          3.3989840976E-01          3.3976468598E-01          4.3909409696E+02          4.4423097027E+02          2.0558042927E+00          2.0734955078E+00          6.6218793830E-01          6.1353784359E-02          0.0000000000E+00          6.8125994188E-01          5.9436189930E+01          7.5499159931E-01          4.0240186479E+01          4.4778555961E+02          2.8200699133E-01          
2024-12-12                09:13:05.839              346.38409537              8313.218289               347.38409537              1734023585.840            0                         963                       1.4000098964E+02          4.5002698681E+01          1.8812500000E+01          4.5014790145E+01          4.5005059914E+01          4.7000000000E+01          0.0000000000E+00          5.1547174381E+04          0.0000000000E+00          3.4139417163E-01          3.3604056056E-01          3.3624088703E-01          3.3586824021E-01          3.4541067078E-01          3.3999909209E-01          3.4020199912E-01          3.3977863607E-01          4.3946361016E+02          4.4460101096E+02          2.0557792392E+00          2.0734574707E+00          6.6171352831E-01          -2.5130642685E-02         0.0000000000E+00          6.8440465233E-01          5.9436189930E+01          7.1801452534E-01          4.0240186479E+01          4.4778555961E+02          2.8200699133E-01          
2024-12-12                09:13:06.576              346.38410390              8313.218494               347.38410390              1734023586.577            0                         963                       1.4000098964E+02          4.5002698681E+01          1.8812500000E+01          4.5014790145E+01          4.5005059914E+01          4.7000000000E+01          0.0000000000E+00          5.1547174381E+04          0.0000000000E+00          3.4139421781E-01          3.3624588718E-01          3.3634329220E-01          3.3589127996E-01          3.4540858959E-01          3.4020672015E-01          3.4030570078E-01          3.3980225956E-01          4.3973435368E+02          4.4487213752E+02          2.0557608810E+00          2.0734296013E+00          6.6136598122E-01          -8.8497887550E-02         0.0000000000E+00          6.8440465233E-01          5.9436189930E+01          7.1801452534E-01          4.0240186479E+01          4.4778555961E+02          2.8200699133E-01          
2024-12-12                09:13:07.144              346.38411047              8313.218651               347.38411047              1734023587.145            0                         963                       1.4000048828E+02          4.5002708435E+01          1.8812500000E+01          4.5014793396E+01          4.5005058289E+01          2.0000000000E+00          0.0000000000E+00          5.1546941406E+04          0.0000000000E+00          3.3953129236E-01          3.3640808587E-01          3.3642369980E-01          3.3592061041E-01          3.4352212938E-01          3.4037079897E-01          3.4038708726E-01          3.3983223552E-01          4.3994307096E+02          4.4508114846E+02          2.0557467265E+00          2.0734081167E+00          6.6109813300E-01          -1.3734767796E-01         0.0000000000E+00          6.8440465233E-01          5.9436189930E+01          7.1801452534E-01          4.0105329325E+01          4.4778555961E+02          -1.4828255221E-01         
2024-12-12                09:13:07.790              346.38411795              8313.218831               347.38411795              1734023587.791            0                         963                       1.3999937630E+02          4.5002708435E+01          1.8812500000E+01          4.5014793396E+01          4.5005058289E+01          4.6000000000E+01          0.0000000000E+00          5.1546529500E+04          0.0000000000E+00          3.3741354710E-01          3.3653068429E-01          3.3647923366E-01          3.3592411495E-01          3.4138007126E-01          3.4049492058E-01          3.4044328366E-01          3.3983586893E-01          4.4018046232E+02          4.4532201811E+02          2.0557306307E+00          2.0733944505E+00          6.6119346274E-01          -1.1148376911E-01         0.0000000000E+00          6.8440465233E-01          5.9681578089E+01          7.1801452534E-01          4.0105329325E+01          4.4778555961E+02          -1.4828255221E-01         
2024-12-12                09:13:08.766              346.38412925              8313.219102               347.38412925              1734023588.767            0                         963                       1.3999671001E+02          4.5002708435E+01          1.8812500000E+01          4.5014793396E+01          4.5005058289E+01          4.7000000000E+01          0.0000000000E+00          5.1545791153E+04          0.0000000000E+00          3.3421151315E-01          3.3658958239E-01          3.3649715911E-01          3.3595636699E-01          3.3814137130E-01          3.4055459997E-01          3.4046141675E-01          3.3986901355E-01          4.3991272819E+02          4.4505248249E+02          2.0557068195E+00          2.0733748059E+00          6.6135575395E-01          -7.2423193501E-02         0.0000000000E+00          6.7144121558E-01          5.9681578089E+01          7.6472693310E-01          4.0105329325E+01          4.4778555961E+02          -1.4828255221E-01         
2024-12-12                09:13:09.506              346.38413781              8313.219307               347.38413781              1734023589.507            0                         963                       1.3999671001E+02          4.5002708435E+01          1.8812500000E+01          4.5014793396E+01          4.5005058289E+01          4.7000000000E+01          0.0000000000E+00          5.1545791153E+04          0.0000000000E+00          3.3421083804E-01          3.3666523623E-01          3.3651523116E-01          3.3595029850E-01          3.3814142580E-01          3.4063122286E-01          3.4047966586E-01          3.3986318003E-01          4.3970965825E+02          4.4484804483E+02          2.0556887737E+00          2.0733599194E+00          6.6147880558E-01          -4.2790445372E-02         0.0000000000E+00          6.7144121558E-01          5.9681578089E+01          7.6472693310E-01          4.0105329325E+01          4.4778555961E+02          -1.4828255221E-01         
2024-12-12                09:13:09.808              346.38414130              8313.219391               347.38414130              1734023589.808            0                         963                       1.3999426270E+02          4.5002708435E+01          1.8812500000E+01          4.5014793396E+01          4.5005058289E+01          2.5000000000E+01          0.0000000000E+00          5.1545230469E+04          0.0000000000E+00          3.3452573425E-01          3.3674821736E-01          3.3649209747E-01          3.3594695445E-01          3.3846032540E-01          3.4071524678E-01          3.4045618516E-01          3.3985988694E-01          4.3962704847E+02          4.4476487836E+02          2.0556814345E+00          2.0733538652E+00          6.6152885817E-01          -3.0734898125E-02         0.0000000000E+00          6.7144121558E-01          5.9681578089E+01          7.6472693310E-01          4.0105329325E+01          4.4775925450E+02          -1.4828255221E-01         
2024-12-12                09:13:10.802              346.38415280              8313.219667               347.38415280              1734023590.802            0                         963                       1.3999742101E+02          4.5002067566E+01          1.8812500000E+01          4.5014793396E+01          4.5004966736E+01          4.7000000000E+01          0.0000000000E+00          5.1544809984E+04          0.0000000000E+00          3.3556561718E-01          3.3679972856E-01          3.3655609969E-01          3.3594403496E-01          3.3951343274E-01          3.4076744633E-01          3.4052088807E-01          3.3985744967E-01          4.3935424262E+02          4.4449023305E+02          2.0555497981E+00          2.0732255610E+00          6.6169414344E-01          9.0765751899E-03          0.0000000000E+00          6.7405583467E-01          5.9681578089E+01          7.6180061363E-01          4.0105329325E+01          4.4775925450E+02          -1.4828255221E-01         
2024-12-12                09:13:11.536              346.38416131              8313.219871               347.38416131              1734023591.537            0                         963                       1.3999742101E+02          4.5002067566E+01          1.8812500000E+01          4.5014793396E+01          4.5004966736E+01          4.7000000000E+01          0.0000000000E+00          5.1544809984E+04          0.0000000000E+00          3.3556494136E-01          3.3666651455E-01          3.3652705528E-01          3.3594526053E-01          3.3951348450E-01          3.4063273967E-01          3.4049140386E-01          3.3985899904E-01          4.3915254370E+02          4.4428717324E+02          2.0554524589E+00          2.0731306852E+00          6.6181636189E-01          3.8509199092E-02          0.0000000000E+00          6.7405583467E-01          5.9681578089E+01          7.6180061363E-01          4.0105329325E+01          4.4775925450E+02          -1.4828255221E-01         
2024-12-12                09:13:12.101              346.38416785              8313.220028               347.38416785              1734023592.102            0                         963                       1.4000004797E+02          4.5002067566E+01          1.8812500000E+01          4.5014793396E+01          4.5004966736E+01          2.0000000000E+00          0.0000000000E+00          5.1544944309E+04          0.0000000000E+00          3.3452848428E-01          3.3650920109E-01          3.3648580056E-01          3.3594754613E-01          3.3846539633E-01          3.4047364315E-01          3.4044954075E-01          3.3986162918E-01          4.3899752816E+02          4.4413111134E+02          2.0553776301E+00          2.0730577500E+00          6.6191031192E-01          6.1126958290E-02          0.0000000000E+00          6.7405583467E-01          5.9681578089E+01          7.6180061363E-01          4.0151261265E+01          4.4775925450E+02          5.0250422648E-02          
2024-12-12                09:13:12.726              346.38417508              8313.220202               347.38417508              1734023592.727            0                         963                       1.4000082397E+02          4.5002067566E+01          1.8812500000E+01          4.5014793396E+01          4.5004966736E+01          4.6000000000E+01          0.0000000000E+00          5.1545003906E+04          0.0000000000E+00          3.3339161111E-01          3.3633614430E-01          3.3643174040E-01          3.3594154628E-01          3.3732208014E-01          3.4029876398E-01          3.4039477907E-01          3.3985566780E-01          4.3882604647E+02          4.4396675396E+02          2.0552948541E+00          2.0730054870E+00          6.6307017066E-01          5.9362063244E-02          0.0000000000E+00          6.7405583467E-01          5.9500837951E+01          7.6180061363E-01          4.0151261265E+01          4.4775925450E+02          5.0250422648E-02          
2024-12-12                09:13:13.724              346.38418663              8313.220479               347.38418663              1734023593.725            0                         963                       1.3999767486E+02          4.5002067566E+01          1.8790254237E+01          4.5014793396E+01          4.5004966736E+01          4.7000000000E+01          0.0000000000E+00          5.1544389206E+04          0.0000000000E+00          3.3157591524E-01          3.3613250265E-01          3.3635707594E-01          3.3594174759E-01          3.3549601031E-01          3.4009317540E-01          3.4031933142E-01          3.3985647127E-01          4.3846672765E+02          4.4361783004E+02          2.0551627466E+00          2.0729221715E+00          6.6492489566E-01          5.6541756853E-02          0.0000000000E+00          6.6604618173E-01          5.9500837951E+01          7.6081199162E-01          4.0151261265E+01          4.4775925450E+02          5.0250422648E-02          
2024-12-12                09:13:14.460              346.38419514              8313.220683               347.38419514              1734023594.460            0                         963                       1.3999767486E+02          4.5002067566E+01          1.8790254237E+01          4.5014793396E+01          4.5004966736E+01          4.7000000000E+01          0.0000000000E+00          5.1544389206E+04          0.0000000000E+00          3.3158633996E-01          3.3594776494E-01          3.3628359449E-01          3.3593381404E-01          3.3551468297E-01          3.3990687526E-01          3.4024522431E-01          3.3984884150E-01          4.3820205753E+02          4.4336080166E+02          2.0550654574E+00          2.0728608172E+00          6.6629098503E-01          5.4474198725E-02          0.0000000000E+00          6.6604618173E-01          5.9500837951E+01          7.6081199162E-01          4.0151261265E+01          4.4775925450E+02          5.0250422648E-02          
2024-12-12                09:13:14.769              346.38419872              8313.220769               347.38419872              1734023594.769            0                         963                       1.3999806213E+02          4.5002067566E+01          1.8812500000E+01          4.5014793396E+01          4.5004966736E+01          2.5000000000E+01          0.0000000000E+00          5.1544265625E+04          0.0000000000E+00          3.3315361864E-01          3.3579938139E-01          3.3624719942E-01          3.3592728776E-01          3.3710395986E-01          3.3975741969E-01          3.4020869798E-01          3.3984239811E-01          4.3809073988E+02          4.4325269275E+02          2.0550245613E+00          2.0728350287E+00          6.6686533521E-01          5.3616022483E-02          0.0000000000E+00          6.6604618173E-01          5.9500837951E+01          7.6081199162E-01          4.0151261265E+01          4.4761782688E+02          5.0250422648E-02          
2024-12-12                09:13:15.767              346.38421028              8313.221047               347.38421028              1734023595.768            0                         963                       1.3999846429E+02          4.5002124168E+01          1.8812500000E+01          4.5014793396E+01          4.5005051638E+01          4.7000000000E+01          0.0000000000E+00          5.1544267186E+04          0.0000000000E+00          3.3822067535E-01          3.3579362751E-01          3.3624273406E-01          3.3594132029E-01          3.4224235962E-01          3.3975253641E-01          3.4020467011E-01          3.3985728986E-01          4.3773085517E+02          4.4290316845E+02          2.0553582192E+00          2.0732215268E+00          6.6872237695E-01          5.0840961057E-02          0.0000000000E+00          6.7844813717E-01          5.9500837951E+01          7.3404973953E-01          4.0151261265E+01          4.4761782688E+02          5.0250422648E-02          
2024-12-12                09:13:16.505              346.38421881              8313.221251               347.38421881              1734023596.505            0                         963                       1.3999846429E+02          4.5002124168E+01          1.8812500000E+01          4.5014793396E+01          4.5005051638E+01          4.7000000000E+01          0.0000000000E+00          5.1544267186E+04          0.0000000000E+00          3.3823115033E-01          3.3586693230E-01          3.3628785957E-01          3.3595761921E-01          3.4226127208E-01          3.3982780965E-01          3.4025094174E-01          3.3987423529E-01          4.3746546951E+02          4.4264541396E+02          2.0556043591E+00          2.0735066640E+00          6.7009251792E-01          4.8767356924E-02          0.0000000000E+00          6.7844813717E-01          5.9500837951E+01          7.3404973953E-01          4.0151261265E+01          4.4761782688E+02          5.0250422648E-02          
2024-12-12                09:13:17.069              346.38422535              8313.221408               347.38422535              1734023597.070            0                         963                       1.3999744509E+02          4.5002128601E+01          1.8799443493E+01          4.5014793396E+01          4.5005058289E+01          2.0000000000E+00          0.0000000000E+00          5.1543965192E+04          0.0000000000E+00          3.3933115322E-01          3.3596572534E-01          3.3634596453E-01          3.3598364942E-01          3.4338077493E-01          3.3992900387E-01          3.4031045840E-01          3.3990103120E-01          4.3726198552E+02          4.4244777209E+02          2.0557930588E+00          2.0737252687E+00          6.7114297535E-01          4.7185402476E-02          0.0000000000E+00          6.7844813717E-01          5.9500837951E+01          7.3404973953E-01          4.0686434011E+01          4.4761782688E+02          3.6318464763E-02          
2024-12-12                09:13:17.683              346.38423244              8313.221579               347.38423244              1734023597.683            0                         963                       1.3999874878E+02          4.5002128601E+01          1.8750000000E+01          4.5014793396E+01          4.5005058289E+01          4.6000000000E+01          0.0000000000E+00          5.1543996094E+04          0.0000000000E+00          3.4050432009E-01          3.3608354180E-01          3.3641782142E-01          3.3599426132E-01          3.4456055012E-01          3.4004926284E-01          3.4038383159E-01          3.3991196904E-01          4.3704121786E+02          4.4221497218E+02          2.0559977902E+00          2.0738991788E+00          6.6993292512E-01          6.4358408713E-02          0.0000000000E+00          6.7844813717E-01          5.9262714499E+01          7.3404973953E-01          4.0686434011E+01          4.4761782688E+02          3.6318464763E-02          
2024-12-12                09:13:18.657              346.38424372              8313.221849               347.38424372              1734023598.657            0                         963                       1.3999754707E+02          4.5002128601E+01          1.8792070218E+01          4.5014793396E+01          4.5005058289E+01          4.7000000000E+01          0.0000000000E+00          5.1543688455E+04          0.0000000000E+00          3.4236978785E-01          3.3623567156E-01          3.3651150764E-01          3.3604400267E-01          3.4643636731E-01          3.4020389659E-01          3.4047913706E-01          3.3996293928E-01          4.3704918443E+02          4.4220792709E+02          2.0563227990E+00          2.0741749249E+00          6.6799998701E-01          9.1653622662E-02          0.0000000000E+00          6.8804770350E-01          5.9262714499E+01          7.8067031928E-01          4.0686434011E+01          4.4761782688E+02          3.6318464763E-02            
